7.663639888437366876e-01,6.061164890082857415e-01
3.512223148114903548e-01,-4.706386129318266276e-01
9.190749652067794484e-01,3.234999127319366230e-01
-6.485221668012471907e-01,-7.736819671935658560e-01
4.024229736168710714e-01,-2.727388887614426438e-01
1.031650295778072657e+00,1.010518024773698065e-01
6.425931811372617708e-02,-5.328559232571100646e-01
-4.025668926547147364e-01,-1.196336908049691894e-01
-5.293139813580947095e-01,-9.757965371681323052e-01
9.118125959234195665e-01,-3.763422172474821803e-01
3.741710396569035424e-02,1.003800507144899656e+00
1.771185101921330662e-01,-5.017924742801889160e-01
-1.616101100092109943e-01,-9.652344979975918671e-01
4.658278543717835340e-01,8.894380432805980563e-01
4.883055614702535019e-01,-6.919431176573942466e-02
8.228596904512481824e-01,6.576599620774058463e-01
-2.498607217056099949e-01,1.013921508134455474e+00
1.054211263747600880e-01,5.116768219508919247e-01
2.448796505778570165e-01,-4.678007165154036695e-01
-1.053484230481187556e+00,5.164453555483483616e-02
5.666103241502888910e-01,1.560710310242962306e-01
-4.032115766537069379e-01,3.688057402080082148e-01
-8.819151431858908430e-02,-5.142961074575318481e-01
5.770328163752496131e-01,-7.457062442648489942e-01
-7.317967019303965870e-01,7.322290324840455833e-01
-5.987726788869423000e-01,1.594257799710341594e-01
4.476326124307143384e-01,-3.629783538902597861e-02
4.812730454876277264e-01,1.808806285412305204e-01
-1.045622906768123750e+00,1.892576790398671771e-01
-8.709549181261704021e-03,-5.685900607143116181e-01
3.089842246418188498e-01,9.088428734710787271e-01
7.916382201982118394e-01,6.993795886152194274e-01
4.653062034602291064e-01,9.461902842930016710e-01
3.755546887389114019e-01,4.012092402386563395e-01
1.449410645907199882e-02,-5.034073176629768609e-01
3.735741787576826178e-01,4.134558424965159573e-01
5.194599060979542271e-01,-6.418936429506474917e-02
8.669696429351607669e-01,2.729791094773693083e-01
3.856676886952553618e-01,-3.745149352614851601e-01
-3.203231607990608687e-01,-9.074837919374179052e-01
-5.046543706166856103e-01,1.368851743201882423e-02
3.891519560614932205e-01,1.261803522664275701e-01
1.015050120806004541e+00,-2.681406969298208987e-01
-8.904236577359174731e-01,-4.003443495102269878e-02
4.628982094991930252e-01,2.387301697573923631e-01
4.329571264537381281e-01,-3.078771138495430826e-01
9.644293250251212424e-01,4.796735881853917416e-01
-3.074586030371541656e-01,4.239876636566426438e-01
6.084987224796374328e-01,7.564343618585015472e-01
2.329161992997602348e-01,-4.610322499765230897e-01
-6.760367943089229392e-02,-9.704080786508895162e-01
8.862485925855267954e-01,-5.570603797578375094e-01
-2.671897120709076368e-01,9.154487959988675261e-01
1.879777060251024978e-01,-1.098292487702598796e+00
-1.490241162510437811e-01,-1.010068554737491686e+00
-1.030646705920148731e+00,-1.991292034407456391e-01
6.877718813832305322e-01,-6.338947677893671528e-01
-4.805912281294421051e-01,8.216747774354847544e-02
-8.603008937612831586e-01,-3.891009187178083306e-01
1.197560755043566433e-01,-5.008885561750913151e-01
-4.726893176937841945e-01,-2.912639600356645708e-01
5.287948319082989013e-01,9.439049503664785901e-01
3.743111224020367334e-01,-2.734840599625785740e-01
1.003722214031375293e+00,2.395595674598339775e-01
5.922479719660637965e-03,1.077739402740414798e+00
4.041145500404729196e-01,-1.904303210305560989e-01
-3.292305238869584760e-02,-5.058008023530321529e-01
-2.639656295677204056e-01,4.206126531467184737e-01
-4.888036712245208415e-01,-3.218272008261456596e-02
4.542253623961067244e-01,2.145596927598175108e-01
5.297828866178235785e-01,-4.475009624124060004e-03
2.251129587478637728e-01,-9.226752962022450877e-01
-4.848049274268103614e-01,-7.845127742273176608e-02
-9.969997824207257331e-01,-2.297020853514056271e-01
8.861553011861339479e-03,-9.686869152045808340e-01
1.914077403987089476e-01,9.932321237646548617e-01
4.029454447958008556e-01,9.508248336855085192e-01
2.171562493914363789e-01,4.584176582983248704e-01
3.227809518014396750e-01,-3.357675006758716885e-01
-2.047080629530280416e-02,-1.002965833745995461e+00
-2.630581120849457832e-01,-2.863383508841033653e-01
-4.444640403965853248e-01,3.059729221064704241e-01
5.770254522585885337e-02,5.623821185349164864e-01
-3.917346868898040624e-01,-2.207239534250857171e-01
-3.301136537444712693e-01,3.779951253606850803e-01
-3.026939394431659158e-01,3.950279060071985593e-01
3.014107805722123223e-01,-3.671797341985015284e-01
-3.692339001301813556e-02,-9.853598109364845037e-01
-9.434225662664702527e-02,4.630213846314491510e-01
-3.300032959711266534e-01,1.045214455985993496e+00
7.311427006866817457e-01,-6.847049177507080753e-01
-9.749921996630848131e-01,3.745399132434973910e-01
-6.842110361322379930e-01,-7.314829845740821179e-01
9.100035898885173724e-01,1.842172215285878545e-01
-8.602261458995653642e-01,5.605012290344119075e-01
-7.497852001716546200e-01,-6.592667112230282678e-01
-2.895817844043536704e-01,-3.671115646869064220e-01
-4.501964276074784665e-01,-1.777726128216990109e-01
5.044349195992120505e-01,-9.201434257412666184e-01
-9.609007650086270891e-01,2.712576192083688761e-02
5.431141843337038422e-01,8.386197307734912787e-01
2.119833655221862179e-01,-4.522205647389526129e-01
-4.633830762184225627e-01,-1.465294414832896130e-01
-1.935866045047916484e-01,-9.403886040669217072e-01
-2.670632532954020019e-02,5.532656414415406676e-01
2.434583849411146861e-02,-1.060336073291572312e+00
6.654483047630219694e-01,8.160355642149696997e-01
-2.543825029002766414e-01,-4.437580589917524687e-01
-2.217920774290401409e-01,-5.033632948852995170e-01
3.027083929289690611e-01,3.343460154355667457e-01
6.584554452103890121e-01,-7.779043825022727843e-01
7.977482704775183953e-01,-5.992253285899828974e-01
-5.652854965837916801e-01,8.430728312221859033e-01
-1.844392394157240156e-01,3.985160663973119632e-01
5.028118798195442274e-01,-1.041297689336483590e+00
-5.994398265661151637e-01,7.298506742793278157e-01
-7.463382830820049219e-03,-5.421955322868182714e-01
-1.489339891425260076e-01,4.676760475306226406e-01
-2.097083718086432264e-02,-9.577676467605558130e-01
-3.172277314993578456e-01,3.593027914325918060e-01
1.385404524254955916e-01,-4.700830720296573229e-01
-4.621104363957694861e-01,-2.362966873294321257e-02
9.868256204827218214e-01,4.290373127549720889e-03
-6.769370959282015043e-01,7.799270754487662716e-01
7.732808952663045021e-01,6.036183239037030690e-01
3.773579600139385648e-01,2.872227307430063603e-01
2.099238142318606004e-01,-1.043055084304571833e+00
9.469524189203025744e-01,-1.647006548597752529e-01
9.133148618444214550e-01,4.875273662509894690e-01
1.282357622488603799e-01,-4.370446870878171852e-01
-2.277122093955364496e-02,-8.978416595184096627e-01
4.087427858983681550e-01,9.242165616957750407e-01
1.422819554781423745e-01,-1.025682068616136089e+00
-3.326323467062623496e-01,-1.012243357961350565e+00
-3.012177836431551015e-01,2.770987990300464721e-01
4.166620854554138886e-01,9.352806392237261734e-01
5.404248329474022755e-02,9.439617980951885423e-01
1.790460797558155737e-01,4.959578691055152588e-01
-4.914389951823809333e-01,1.490975681379243523e-01
-9.700551283210736564e-01,-9.463646135660008785e-02
9.503808115086792574e-01,-2.897954601711281164e-01
9.176074300515846272e-02,-4.844306418094274092e-01
4.116414628652614316e-01,-9.083959515699185916e-01
7.843467698236294972e-01,-6.092785877897307634e-01
1.858814705925122268e-01,4.838449378079630048e-01
-5.737348834581468271e-01,-1.124272273762082636e-01
-4.357078971519163790e-01,9.059860525006810938e-01
-4.503446229159808745e-01,2.360527854107521140e-01
-3.155015947476671467e-01,3.544271445796464692e-01
-2.461345222650486719e-01,-4.192971566738847300e-01
-4.016194672583810465e-01,9.084302469527981705e-01
-1.514149510332306325e-01,4.364327832944745467e-01
1.018364158184167145e+00,-3.396748682140231512e-01
-4.388957362602976531e-01,-2.112668748737911717e-01
4.707692565549095876e-01,-1.472791579844958676e-01
-2.824485791676311641e-01,-3.721970697674956696e-01
8.209666809062097226e-01,5.221283745578988444e-01
9.428279652956674806e-01,6.241458197092184523e-01
-2.593321539727195812e-01,-9.070356220431686767e-01
8.647134079762608394e-01,-4.772894141159548242e-01
3.992359799195241976e-01,1.772133520263803608e-01
-9.700545943036089636e-01,-3.965397740426009343e-01
-3.136902052978879918e-01,-9.352335892587619881e-01
3.803042703094928756e-01,3.150808228219179608e-01
-8.012891339211332120e-01,-5.796869257543567633e-01
7.584345934751776097e-01,-6.077901258307626398e-01
4.095092107144562288e-01,9.592696984150174133e-01
-4.890669600384972004e-01,-1.872986543734239673e-01
3.975776437233855543e-01,3.467537489589749833e-01
2.944338011351371048e-02,-4.763811047546552824e-01
3.907576633466884330e-01,3.778562444084035965e-01
2.060268932001961262e-01,-4.416148813216397295e-01
5.873235299321204472e-01,-8.290350327063540359e-01
-3.858553349603632832e-01,-2.889612907846860757e-01
-8.868508140351666347e-01,4.059109995314936215e-01
6.205338109792146728e-01,6.985751835201453597e-01
-2.690020582468456434e-01,3.875597240915278907e-01
3.957774684482386895e-01,-2.752513232671953691e-01
-4.788437668211432685e-01,-9.537462060893484583e-01
2.148595686195423349e-01,3.867015915285251793e-01
1.003263179397743787e+00,-5.249550963742105614e-03
-7.903459365976432949e-01,6.594300311336858123e-01
-4.284262195442031240e-01,-2.427641945591040851e-01
-6.540234919713591166e-01,-6.818186732176838571e-01
3.937269141304380188e-02,-5.616431282192635432e-01
-5.422748567603090653e-01,1.219540425030794795e-02
-1.894038977475898389e-01,4.559888415968691433e-01
-1.861848001345347836e-01,9.418581022186794938e-01
-2.320035770918665863e-01,1.012516050205976015e+00
-5.938681117930162401e-01,8.016726440151480393e-01
-4.358980059417663644e-01,2.092452133084749533e-01
9.482175102891622354e-01,-3.381859810525873478e-01
-9.844533534791677365e-01,4.278358324036459770e-01
4.843283594224032651e-01,8.176490204784039317e-01
-4.409970769335317953e-01,-3.173923762087579314e-01
-2.885291990087394121e-01,-8.958929518793812274e-01
8.081938848820889865e-01,-6.420166317568263281e-01
3.460657681477534720e-01,-3.873158212902292341e-01
2.404788865844000034e-01,-1.017203715295000199e+00
-3.025952986708672077e-01,4.297561734696666025e-01
2.706015154079111085e-01,-4.226229759204497283e-01
2.100267799946226727e-02,5.575801464748997294e-01
3.232809448380787876e-01,3.730534307916003045e-01
-1.994738931649086000e-01,1.018078737047024784e+00
-2.182030188932606585e-01,4.065321592501514036e-01
7.305864191596014301e-01,-6.747913467900792384e-01
-2.726908992681364441e-01,-3.331845617947598037e-01
-3.656402399793910046e-02,4.061184751599900555e-01
-3.851987456360700390e-01,2.935335511953608423e-01
-4.610118662376590515e-01,1.429808238412871024e-01
7.904344209304373092e-03,-1.040665967045932838e+00
-8.139889265893901493e-03,-5.683393584037024215e-01
9.922087786159705658e-01,-1.690963453151944074e-01
9.329172394295219828e-01,4.608478940967696835e-01
-1.707504986588883611e-01,5.279784575206600827e-01
-3.161690018290959081e-01,9.011628127018874723e-01
-2.289223838212410544e-01,1.021345382139037028e+00
9.321540449870963085e-03,-5.305381245056717265e-01
7.022859234702820419e-02,9.758511835165180059e-01
-1.167624072359889631e-01,4.769251297990160232e-01
9.123576708343578145e-01,2.149469738484115211e-01
1.275348168590133280e-02,-4.340295159710933492e-01
5.584084651310915470e-01,-6.570402160738506026e-02
-3.611807382470143546e-01,-3.918976329790143098e-01
-4.651275033119535163e-01,1.904267128632339268e-01
3.456956668782863451e-01,-3.103803863443369560e-01
1.557064675610517479e-01,5.541714484457838097e-01
4.650632129856431818e-01,-1.879913984525127257e-01
-9.746193186078402904e-03,1.109072939321055662e+00
-4.228748079124856618e-01,2.720691830339099226e-01
-4.848913438774634654e-01,1.559599251870412151e-01
1.756807535353168692e-01,-3.965709174216111021e-01
-1.087445688785406706e-01,-4.576208640227000801e-01
-4.317283514325204741e-01,-2.176719116482388472e-01
-1.868086722076251205e-01,4.677391845041882767e-01
9.427853186062692403e-01,-2.062057128363370129e-01
-6.771685198750734824e-02,-4.325960989048385774e-01
-4.782278104418560827e-01,1.499250289571290029e-01
9.165111811698204436e-01,4.260535378274919460e-01
-4.892687674590493474e-01,-1.077681602948659528e-01
4.889195402828822590e-01,-2.153211378636941675e-01
2.383186903637583565e-01,-4.347355454400116948e-01
-1.686029413852155323e-01,-1.056001657744904509e+00
1.008335737114194330e+00,-3.919737541522853030e-01
5.331674882913107760e-01,3.109010590527293456e-03
-4.791992517760327308e-01,2.299995186332361996e-01
3.877067538752312914e-01,-1.362702034057634293e-01
5.819061224577012359e-01,8.836918542300054025e-01
4.852827653018909060e-01,-8.213198621889741813e-02
8.230381050057573589e-01,4.252736676310167607e-01
1.530234322792984880e-01,5.355548425783982491e-01
3.980648326918291291e-01,-2.641925996494961515e-01
-1.353453192022320839e-01,1.039522054314856447e+00
-2.681634174930487280e-01,1.001021053326480725e+00
4.002330673806200334e-01,-2.353830586193680907e-01
6.363453174504837273e-01,-7.451634490660747900e-01
4.026905151011500039e-01,-3.882117616908975499e-01
-1.702324564604769108e-01,4.593928784249891595e-01
4.033240632569251582e-01,2.801752236510134941e-01
8.976056912357841533e-01,-4.636251731089143790e-01
-9.411582693864434246e-01,-3.487193376686145707e-01
4.239454790779804139e-01,-2.720195156582682072e-01
-9.354219690411278432e-01,2.781084409885828945e-01
-7.440681507272774997e-01,-5.986749606571080129e-01
2.070618919428670601e-01,-1.033635581749787979e+00
-4.677363840387225302e-01,-2.584148320317660730e-01
5.467812877140660888e-01,1.778316817290935548e-02
-4.549672101965385740e-01,-2.355679359225944236e-02
-6.317689371997694536e-01,7.951343358785109006e-01
-3.213235013800608830e-01,-4.298478693131463912e-01
4.121770465919001314e-01,3.628796362179581569e-01
-3.996487678366298368e-01,2.058067749078442144e-01
-4.398221550012554326e-01,3.603747077844241531e-01
5.924639589611125495e-02,-1.048675541263448086e+00
7.507045653964729004e-01,7.798517375786719885e-01
-4.574686407280723621e-01,2.437907875979610228e-01
-4.353174692971090165e-01,1.574103439607654753e-02
-3.518979126492232101e-01,4.753348722148011962e-01
-1.079021373557509156e+00,-1.553929243851747966e-01
5.307688903108748191e-01,7.189874435139835818e-01
1.014274178050114938e-01,-5.044413494456347902e-01
-7.304175341644089103e-01,6.326345584075934170e-01
-4.878148099025467754e-01,-9.756400474570428583e-02
-9.963607054782286365e-01,4.800801591013109659e-02
4.738110332048015017e-01,2.162900032666375261e-01
-7.896369380558644346e-01,-7.481753390873705500e-01
4.528850202185952800e-01,9.787816380017053119e-02
-4.720772450470419046e-01,-2.649195019272163609e-01
-1.420634680311967657e-01,-4.396238826845810799e-01
-9.767920108759786668e-01,4.237965798853328692e-01
9.715493698295996072e-01,2.220203268935849461e-01
-3.670748493955680591e-01,3.066465971880277253e-01
-3.290138225115588066e-01,-4.051838961676549333e-01
-3.231690167512966255e-02,4.931642656415641257e-01
2.086072553051805667e-01,4.349184385096430683e-01
-1.030918096598878453e+00,-1.186351057994615710e-01
5.215060520740494310e-01,1.808691901058654683e-01
-4.566407777939351376e-01,2.359201383482459891e-01
9.707972040625729715e-01,3.824992729626721655e-01
-9.250665570283824746e-01,1.944971597362991078e-01
3.806797488506498683e-01,-9.574333604466886971e-01
-2.638168716662230712e-02,4.587025500249564125e-01
-2.321559180038633707e-01,9.081939204104124697e-01
3.357877333867748670e-01,3.646397955405654701e-01
-8.429303589269527830e-01,5.093641128328769696e-01
3.940227023448005794e-01,-1.775717868240619945e-01
1.053071679044464082e+00,-3.270668202828971305e-01
-4.707802513473000050e-01,-2.149276311523175553e-01
5.424308882504247364e-01,7.566457940942085403e-02
-8.932737734336825275e-01,4.361683714031419079e-01
-2.759268168030114543e-01,4.018648795453979017e-01
-9.231192525409943617e-01,3.954034477256341273e-01
-7.982527630953016873e-01,5.904855474693987416e-01
-1.133183933144919636e-01,5.298763093478385811e-01
9.947364817557124983e-01,-2.772809952305961279e-01
4.590895378901936330e-01,-1.305921509028005190e-01
-3.270386891246853112e-01,-9.071301738405034287e-01
-3.669415203295696704e-01,-3.609426982591625310e-01
5.272412814249294311e-01,-1.012121148277148469e-01
-8.351181720916587281e-01,-5.310646492800050744e-01
2.096233442078651588e-01,9.783623894762002449e-01
8.091268647059273178e-01,-3.719021072127912109e-01
-9.487138722133973134e-01,2.831778508539321004e-01
9.974777143124057277e-01,-1.399662103351576592e-01
1.301308169860347363e-01,4.060629199251483690e-01
-5.899146484748187813e-01,-8.240365468888350975e-01
9.015016440485348892e-02,3.879887256862481482e-01
7.353211828643336778e-01,-6.365809104663259221e-01
9.278597120632208206e-01,4.283877497876053542e-01
3.565661199694070138e-01,2.086397165859880110e-01
3.801169494385130965e-01,-9.876739058937623605e-01
4.636458300876659111e-01,-7.980177505904666874e-03
-5.115020568494240694e-01,-7.342308325469584784e-02
5.101183501159600731e-01,1.950398715375702419e-01
3.179369994465590099e-01,-3.908587341932243664e-01
3.293447590857319640e-01,3.406811824747527639e-01
-7.721593354986607816e-01,-5.275686813442166390e-01
-4.031590668367154295e-01,-3.492004811178416879e-01
-9.221943422382117284e-01,3.950098867922119950e-01
-2.615005946535507442e-01,-4.899738555188501987e-01
8.895440993869345725e-01,-5.541096961742905114e-01
-1.868250442054177340e-01,4.341146987634407206e-01
-1.253725836157618123e-01,5.560080899386349307e-01
-8.158600648961158441e-01,5.186484969423748037e-01
-1.883422478412784817e-01,-4.756195409238078708e-01
2.052081793582966884e-01,-5.211516687850493712e-01
8.912498156528004811e-01,3.638243234577014373e-01
5.720355956990826884e-01,-7.942341550745906087e-01
5.317410190321200103e-01,-1.605336063095336163e-01
7.577153601292343499e-01,5.445391136659879505e-01
-3.413566726409356655e-01,-4.352288332859003961e-01
4.316634496160492301e-02,-9.956578938887791219e-01
3.342986596493675022e-01,8.551838750013628365e-01
7.609421490627765738e-01,-6.776896988239342612e-01
-3.583531170964064927e-01,-2.987620587139259709e-01
-8.781427881217794829e-01,-4.555936937754206939e-01
-3.017462267700494194e-01,3.025129653594688106e-01
-1.736610269478743862e-01,4.321317584134850565e-01
1.275227209132377137e-01,5.345768397215930889e-01
1.478444026063727434e-01,5.007274009549910199e-01
-8.548219075440266490e-01,-5.330113809905445699e-01
9.850212953395207083e-02,-5.462698780976207313e-01
-2.926243195307082767e-01,4.020566503689504412e-01
-3.102416241788833462e-01,-4.045489096329915601e-01
7.384546574486831882e-02,1.072850013180353557e+00
7.934175326344901080e-01,4.420237910518557967e-01
9.599716366104665832e-01,-4.658305175474140580e-01
3.672901371919108371e-01,8.995460882441962402e-01
7.901196578542626359e-01,6.980710325270398364e-01
8.874166874744110478e-01,5.336019086503116515e-01
1.005710050575185921e+00,2.478755913019495272e-01
5.116124660761257603e-01,-2.618586771602329777e-02
-1.006734233609423379e+00,-7.826775859191739682e-02
-6.326924207571276160e-01,-7.585670567928851638e-01
8.256142967720945247e-01,-6.752419541828836858e-01
9.223869318441210163e-01,-1.579869052060452750e-01
2.988721023112386743e-01,4.041893007132378313e-01
7.226808386256869943e-01,-7.071001768138412968e-01
-1.112616773961224159e-01,5.207676096901804330e-01
-1.051720326527412874e+00,-1.633456541045156529e-01
-7.688017989688529230e-01,6.337848681546648377e-01
-2.359932064215163328e-01,-3.965356017286130186e-01
1.008023980192670477e+00,6.873614463824789800e-02
-7.817545165091406290e-01,6.444738857757629225e-01
-8.851009338478859068e-01,-3.393181410631557204e-01
7.025683656802129695e-01,-6.724385771142149526e-01
-7.524829148853157124e-01,6.884927476484067332e-01
-6.859146269687174113e-01,7.463800540182741194e-01
8.861441561365603903e-01,-5.467433557441587766e-01
-9.679307078272831877e-01,1.636683867612813148e-01
-5.120046201231126526e-01,-2.022018870669971546e-01
-7.082378393465781352e-01,6.730556065036307212e-01
-3.134811516639689488e-01,-4.061107640094748228e-01
9.821815893378028905e-02,4.698275890938101718e-01
2.043824566786044128e-02,-9.580707753652552006e-01
5.943396447111255476e-01,6.654229891632423843e-01
-7.370167425390282689e-01,-6.572913004544347348e-01
2.704385451353195080e-01,-9.989944617717800845e-01
-4.598418394868336589e-01,9.372404945607978322e-01
-6.220853195768633048e-01,6.802538119042234044e-01
4.219143722064814250e-01,8.721592685365712194e-01
9.739933076142680557e-01,2.219848969466657954e-03
-5.950174786187135689e-01,7.294774722584863591e-01
1.969878386243749391e-01,4.163972543628582934e-01
-6.950807506465953578e-01,6.543657664352663383e-01
4.022109085782789584e-01,-2.356929769026758215e-01
-8.335689151458831603e-01,6.280332047790624372e-01
2.354979631830631803e-01,-9.646218974443776517e-01
5.837638204958084387e-01,8.691008034362517343e-01
-2.000589453389866046e-01,-4.169034002585863541e-01
5.441863251498648690e-01,8.059626704780496753e-02
-5.396611255816192720e-01,8.776449183216851191e-01
5.316283499224587761e-01,3.027506181270157581e-01
-5.137023805918377040e-01,1.915410500315462006e-02
2.799501910806068694e-01,-4.534685674059297789e-01
1.902362570211288961e-01,-5.063224344936866350e-01
-1.019197696340197468e-01,-4.724858140826395103e-01
-9.432499599411855451e-01,7.787971942975341344e-04
-4.341268776025901666e-01,2.598104348959230925e-01
5.703589805599371676e-01,7.708444140366813579e-01
7.959565363603564314e-02,-4.961143216925391619e-01
-8.287228667550723404e-01,-5.046224195089000775e-01
-2.315840409006268141e-01,5.229343451461788694e-01
1.271005797838909712e-01,-1.072323885308824831e+00
-1.007139924553452470e+00,-2.314254073350269225e-01
-1.068722006862670854e-01,4.542781613657373985e-01
9.461635738206994883e-01,1.318689160713710229e-01
8.011670004602623463e-01,-5.269848951495829104e-01
3.417130200860472033e-01,-3.910207526379333998e-01
-1.206168293539687242e-01,-9.281539389514703586e-01
-1.041929287390660264e+00,-4.389675743862465618e-01
-2.940547531442925244e-01,9.862294127202788641e-01
-6.093209666965875293e-01,7.513255680890604804e-01
1.017783167629877195e+00,-4.566592936623697918e-01
5.382917404020546304e-01,8.677958924086319747e-01
-5.691499076627232201e-01,1.514066622964117537e-01
-8.875614116470228465e-01,5.838786089799964385e-01
-8.370576822440542464e-02,5.807508105028580392e-01
-7.758330705951340667e-01,6.197448902250709546e-01
2.082236620633969026e-01,1.079870080470082261e+00
7.435142049860142821e-01,5.351197853935099058e-01
-4.301935530205215907e-01,2.338030309313211264e-01
2.616287710436708547e-02,5.082780657409833314e-01
-5.541290020856324272e-01,-8.455333917519909648e-04
4.216142295580003752e-01,9.137025021607831921e-01
9.753875794067167204e-01,-2.861203975374040920e-01
-2.612588830745591895e-01,-3.744363663458405433e-01
1.900445593712644932e-01,5.171826772865757427e-01
-7.414426167257386346e-01,-7.359645538536917497e-01
-5.087875397451573356e-01,1.723700511016590942e-01
-8.027916829591575931e-01,6.193462773114074560e-01
-5.790290779798048515e-01,-7.907292588272657463e-01
-1.907335235872351376e-01,-4.930943598363632385e-01
-9.248934938280508611e-01,-5.051451228493415435e-01
-7.625713503914346991e-04,-5.276326249725223905e-01
3.979993199502035450e-01,3.309737043170584703e-01
3.529767678792574692e-01,-1.558408002900781852e-01
1.015258796458361923e+00,-1.058457635595805996e-01
9.019601911143433348e-01,-3.519569087878079983e-01
4.165992752485063733e-01,-3.668799245126237452e-01
-3.085651286884438238e-01,2.823337178613359311e-01
1.949587885657957376e-01,-4.329022622087287386e-01
-6.934084394761057257e-02,9.296809619455591589e-01
9.363413323552461920e-01,2.238377568425322095e-01
-9.184579369364470613e-01,6.817232898942757746e-01
-7.017314055464822786e-01,7.385761983667582520e-01
3.492633407971472703e-01,1.068949295354979234e-01
-4.809567335245653052e-01,7.674631108143750713e-02
-1.217239010638878141e-02,5.068489471962525084e-01
1.013778708675468765e-01,4.353047681566282190e-01
9.516217157362226453e-02,-5.181104562111169543e-01
3.099817970834701231e-01,9.407591016533999317e-01
4.740992016748812321e-01,-4.399935720400914574e-02
-4.565293104919518896e-01,5.400542124913990799e-02
1.002501917849813351e+00,-2.112924213755700831e-01
-3.839104695490770380e-01,-9.107296526313819474e-01
1.018348048962697927e+00,2.723467190162266044e-02
-4.974363534289112654e-02,9.077735836487517140e-01
4.180674796435647211e-01,-8.786219272615958253e-01
2.027170992135371996e-01,-5.532179785999205013e-01
4.408162005470555589e-01,3.470260006559854338e-01
-1.770038355661303631e-01,-4.402458789113480875e-01
-4.165249563050440473e-01,-3.438431713350586505e-01
-7.107829110323549138e-02,-4.649504458786863359e-01
-4.526127788542070873e-01,-1.616528030157352025e-01
-3.250218637857474335e-01,1.035973163109301209e+00
-4.934029076921386814e-01,-7.611975717103669492e-01
-3.815945470056127387e-01,3.718733179003580469e-01
9.240419587602783924e-01,4.998605312444651672e-01
5.715864456132274674e-01,-7.556934303997148161e-01
4.030209689739449597e-01,9.187546173004769168e-01
2.153689905159906492e-01,-5.520074436339958979e-01
-5.569838099205435267e-01,-8.737256819249012985e-01
-4.180027884462991228e-01,2.520765862760065423e-01
2.087263942374859016e-01,4.531091954504082864e-01
5.195086580253203135e-01,-2.541154789265096664e-02
-4.551810295646094850e-01,8.271417700920424831e-02
-3.064518819138936090e-01,-3.491942520985460430e-01
1.340822478149193697e-01,4.049824852524887553e-01
-1.707033722062701320e-01,4.458845254743681874e-01
-3.513426963991866936e-02,9.775706706408970881e-01
-7.767225686391836526e-01,-5.517199860022482527e-01
5.134906705752185774e-01,-1.439638683187775825e-01
-3.545753558723840904e-01,2.853506384829214704e-01
-3.121263575308422800e-01,-2.969655801072438872e-01
2.231836515768517160e-01,3.939534996573310632e-01
6.968986217640484870e-01,7.421827051517021490e-01
6.795084307374539279e-01,7.252645475210072190e-01
4.800388285789815301e-02,-5.097939074347233035e-01
-1.045063738664943731e+00,-2.452916917351000425e-01
8.569677712210092002e-01,8.087778424412608302e-01
-2.567955290728876627e-01,4.158197906554911283e-01
6.895645099849137538e-02,-5.476964876813797956e-01
3.687066065497633383e-01,-2.877499671712038243e-01
3.998967691600816554e-01,-9.334173947071585653e-01
-8.630800048422987425e-01,-4.674804049654630589e-01
5.535854591652122902e-01,-9.085104880162574448e-01
2.435276526340598435e-01,4.255244503935700084e-01
-9.069428585978930313e-01,5.449114402695274251e-01
-5.031805703287823839e-01,-8.587047507897238585e-04
-8.786987503450056913e-02,4.616213638022970689e-01
5.301126508486162653e-02,9.982198065391778563e-01
4.306376232994581221e-02,-4.936962596353439703e-01
-2.499377856209689663e-01,4.912093632847582270e-01
-9.866505826111630073e-01,-1.827817391776218880e-01
-8.596030924013647878e-01,5.049900478261772907e-01
-3.640018030710776564e-01,4.419968030475991405e-01
6.920244438181831770e-01,6.851283571220073698e-01
-8.327540463045393082e-01,3.258690965714834409e-01
-2.386220622096569544e-01,4.478496598095705883e-01
-3.880347122274390159e-01,-3.277541701546038411e-01
5.959244081325024839e-02,9.695455063505519222e-01
-8.609545533718521160e-01,4.446608108127081405e-01
-9.937252238396130366e-01,3.267059063846874944e-03
-5.593554076594360325e-01,-2.532608962604679936e-01
-5.210900434405667525e-01,1.102179395980539545e-01
2.705593099084338538e-01,4.803209600020381664e-01
3.305702895045417034e-01,3.199538259819252883e-01
-5.125387658787963208e-01,5.493369817509637792e-02
9.644302372793545075e-01,-1.027077253704888338e-01
4.840670444690712282e-01,-5.041634797015848157e-02
5.070255627133577470e-01,2.023650671095453268e-02
3.586681116810194192e-01,-8.701942894889628244e-01
-9.907463412498120903e-01,3.038079775539316851e-01
9.556761251527661205e-01,-3.842826155574371461e-01
3.036139675789922276e-01,-2.982943676937729882e-01
3.949764780674500653e-01,-9.317342903012165722e-01
4.573438495731007580e-01,-1.756786318632271859e-01
-9.456953150220352988e-01,-3.759650962669964236e-01
-3.985536310417993056e-01,2.974907567558642274e-01
5.242936207398036785e-01,8.816212909231535555e-01
-9.132389328119439043e-01,-4.501956123301371071e-01
7.145633276075012974e-01,-6.988661521931207599e-01
9.494419032258035740e-01,-2.769270522697560022e-01
-6.695670839780659689e-02,5.073020104261597440e-01
-4.206457511947840899e-01,-1.434570945397595498e-01
-2.246836954017586430e-01,-9.489115345413898783e-01
6.398492328509353122e-01,-7.148799438325641464e-01
5.008887115569067294e-01,-9.552251644380259643e-01
4.510301982544216437e-01,8.384252746281386504e-01
9.569274343141217498e-01,2.773852979079279302e-01
2.353940686003883065e-01,-3.916011059135825478e-01
9.878478555033908259e-01,6.075231175608596101e-02
-6.502318608385131427e-01,8.960937073645632855e-01
1.223703888492481406e-01,-4.272794155815756723e-01
4.316016772815450264e-01,7.917483666908514683e-02
-4.039828943840548803e-01,-2.187386961793319762e-01
4.676618723230775432e-01,4.957775304099680536e-03
7.725089878278947886e-01,-6.653864223298089353e-01
-1.025091729132709129e-01,-4.970662811309097817e-01
-4.562312874596687884e-01,-1.299247387946601551e-01
-3.189065088709482909e-01,-3.657928104822712467e-01
-9.017456480000732855e-01,-4.140167192867598711e-01
7.610312465947155491e-01,7.674155728862499526e-01
4.776235685581003976e-01,9.367940712686153582e-01
-9.944682639563037219e-01,2.383626403086487600e-02
-1.487885272982578666e-01,-4.627650964586000892e-01
3.453289327827095412e-01,-2.434349206144572619e-01
2.716375847571100288e-01,-3.880448733296404384e-01
3.336539272536287459e-01,4.055857123870114656e-01
3.864096040291374323e-01,-2.715455907177632411e-01
4.503049138556356468e-01,2.069366964927411012e-01
-1.369681718028880335e-01,-1.034740705430218233e+00
-6.729507597161910049e-01,-7.314940081211096512e-01
5.535299413625629494e-01,8.301185216186220961e-01
-1.930404883405266170e-01,-9.612401578932744384e-01
4.311806565300656535e-01,-5.917815485397761449e-02
6.154885341255216247e-01,8.280994181924010711e-01
-9.014601577930633214e-01,-4.916599964772151998e-01
3.507258402837701294e-02,9.622397707089938024e-01
-4.191759559655582335e-01,3.696703526261777562e-01
4.287709362048370831e-01,2.600832661546153557e-01
-4.275498548553034461e-01,2.497203694800721185e-01
-5.158071447234976459e-01,-1.145998883808914126e-01
1.741241571936539001e-01,3.834284492664211119e-01
3.045228412011457553e-01,2.949764716898417016e-01
4.503266363721074583e-01,2.740847442979786885e-01
3.295219202076651310e-01,3.931120458112582483e-01
4.761538384849572925e-01,-2.131451722236529511e-01
3.909318453352201295e-01,2.986648636788769573e-01
2.640376358243937127e-01,-3.588406130140280315e-01
-9.032443569926432159e-02,4.812318421057560358e-01
8.188517962879046652e-02,4.456768718116015937e-01
4.730551658371076051e-01,-2.833776423666669042e-01
-4.497361148656882635e-01,1.415192947487333985e-01
-9.604646970579679977e-01,-1.630139530220716393e-01
-6.295032742491221134e-01,-6.860590096301859564e-01
-5.213017516594347089e-01,-8.495887628992340179e-01
-4.806861824022062857e-01,2.543723739733848022e-01
2.225859929501584067e-01,-4.153209882466132319e-01
-4.019921549080008316e-01,-3.315735580756383749e-01
-7.700657153030314728e-01,-5.209391981441620079e-01
-1.063867798377207352e+00,-1.769405886665061933e-01
-2.712444182440601481e-01,-9.257753230014176271e-01
-9.082691841102538133e-01,-3.138427928615385998e-01
-5.816480501623062793e-02,9.670424180494531230e-01
-2.539910075643624365e-01,-9.825578632031297666e-01
-9.841977985685137487e-01,-7.740820266083678347e-02
8.642513869624475209e-01,5.451365698251955383e-01
-1.039487354844140343e+00,2.135945716894094848e-01
1.092792650693755085e+00,1.027941649519116540e-02
5.437145404730966414e-01,1.016170672170404465e-01
3.596727240869653230e-01,1.812683060016544168e-01
1.516584874859748522e-01,-5.639557882210750606e-01
-1.905581443779312545e-01,-4.234737120488638595e-01
-3.044595043891505370e-01,-8.982614197963845193e-01
1.094346548858513152e-01,-4.742299100110862753e-01
-1.038639570429195080e+00,-2.076125229635441272e-01
-3.551411091264499720e-01,9.557701476701082610e-01
-1.496811082720096164e-01,1.016146856768551432e+00
2.713737764081992632e-01,4.189912222408287423e-01
-4.746181722698301075e-01,-8.749125312451810910e-01
3.910907541899313333e-01,2.568770964054061245e-01
9.409127227882008171e-01,3.452685119421603499e-01
-3.715137595741515586e-01,-3.747633300679561463e-01
9.826396653931902536e-01,-1.640404956474014048e-02
8.502211032387824163e-02,-5.647058970905212139e-01
-8.994605055578719366e-01,-4.189468999316103837e-01
-7.979424153055184044e-02,-5.163007153053282838e-01
-1.121229604329518070e-01,9.846027399188754803e-01
4.577197479009491310e-02,9.259337422252503780e-01
4.438007932104457431e-01,-2.955535672625032584e-01
6.062018911505988594e-01,-9.308149538590999583e-01
3.456103954395942646e-01,3.502369435062678837e-01
-3.625651984154749652e-01,4.788986085877473542e-01
2.370177741857490972e-01,-8.885735279865347724e-01
5.062148338716332407e-01,1.092636031170412733e-02
-4.356539254248285586e-01,1.701961707980239880e-01
-2.677100675167344845e-01,9.574901915829092669e-01
2.065277910179415255e-01,9.417838672897966834e-01
1.006023193859695963e+00,-3.955204339501895011e-02
-4.296057198320591963e-01,-3.509349504381626406e-01
8.584418224007623888e-01,4.623780840992766095e-01
7.215677733849954478e-01,-7.503246977944754148e-01
-1.533909217666856728e-02,4.828393074020682629e-01
9.104403448629162510e-01,5.051323229405791926e-01
-2.032734533518219533e-01,-4.965181371876357108e-01
7.524784010098072295e-01,6.821792307512231091e-01
8.997049467984756799e-01,6.775090600455072054e-02
-4.129062297754935162e-01,-7.345799806769670592e-02
-9.785959234354690839e-01,-1.711099066302227967e-01
-1.478129740028120698e-01,1.022397704921123252e+00
1.513852683791634957e-01,-4.167353124365036354e-01
-4.372342616741733412e-01,1.797258473590587213e-01
2.630123939756259799e-01,-4.682252204557167952e-01
3.974458508871663298e-01,2.519415016647268413e-01
-9.575345924728166924e-01,3.648726790307483259e-01
-1.833850077331421469e-01,4.681350352950879312e-01
1.006997365991210591e+00,-9.783033830258386354e-03
-3.255457875511385546e-01,-8.962864051997154746e-01
-5.285698031288080800e-01,4.895118573323104655e-03
-1.944114273739170062e-01,-1.005265265897563598e+00
-1.006939269604529175e+00,-8.019280501325183608e-02
-2.434550282864522963e-01,4.186467509721946145e-01
-4.129561171393622554e-01,2.252303400898940100e-01
3.854614938738966101e-01,4.573416851101539393e-01
-1.598172169571689116e-01,-4.801805856337888478e-01
3.964195506800983204e-01,-2.451969091354884722e-01
1.004976258049285365e+00,1.188838174516742285e-01
4.359855165106601427e-01,-8.374982829062130874e-01
1.334517061155700013e-01,-4.879860478362176290e-01
-7.753505937751357102e-01,6.470934811546461551e-01
-4.997521304216822058e-01,-1.903822190772913037e-01
9.561785606800822235e-01,-2.499459931535626678e-01
-5.585316276630161170e-01,6.146573790646536750e-03
5.231706713104161688e-01,-2.129357597246046285e-01
-8.063470660115310551e-01,-7.232363152469608591e-01
-5.052039768264683373e-01,1.025288268809479292e-01
9.736498728029007177e-01,-5.730089786020152731e-01
-3.710840561344883048e-01,-1.553326021086846309e-01
-1.066799992854762236e+00,-1.349893438192343309e-01
5.439053361969797828e-01,-3.388296590762311655e-02
4.641249220599364955e-01,1.829834977642798011e-01
-1.772335058640543137e-01,3.441684356249078980e-01
-7.331919435620140035e-01,4.551965039275237546e-01
2.458759512632286703e-01,-4.401980001301125656e-01
-4.860935129632492635e-01,2.212417131393480674e-01
-9.839348898856756231e-02,4.296998267415245154e-01
-8.664037218585630695e-01,-2.700633828096398181e-01
4.962541831810036719e-01,-1.141750971811963250e-01
1.677794087109674703e-01,9.809631777759852955e-01
4.069449820881121394e-01,-2.505204456489916742e-01
1.355858646787739263e-01,-4.620872478199411493e-01
-8.762957500551553647e-01,3.341790630903755388e-01
2.850373583997919402e-01,-4.317639500261203356e-01
4.166111408512305769e-01,2.485500465944718296e-01
4.406757030452774782e-01,-5.525491036131741779e-02
-9.579263456710741531e-01,3.183607501886099311e-01
2.154913706263647810e-01,2.916039576067863681e-01
5.695283333389347113e-01,1.287555513701176269e-01
-5.194586808966653591e-01,1.978424142283526088e-01
4.835825899318773602e-01,-1.001067763269518525e-02
-1.244544740983159758e-01,-5.220046960731368202e-01
-3.603273123303498693e-01,7.251396539960211496e-02
1.741280176350548659e-01,9.849858130184727667e-01
4.387787265776609824e-01,-8.276609808047374894e-01
-1.969865882387935030e-01,4.971627536174757500e-01
-2.968464518747618297e-01,9.282309280803323626e-01
-4.783415788638938348e-01,9.893951440067033642e-02
8.035324356815305435e-01,-6.444391640923909925e-01
-9.875769362875362611e-02,-4.710895900171172546e-01
-1.986942150247096583e-01,3.197297522344574872e-01
4.833530054923337871e-01,7.936205338557335287e-02
6.356325334778152314e-01,-7.910033103939173582e-01
4.918479348990231204e-01,9.332068174671552807e-01
-9.544895260640053891e-01,3.248695690925441637e-01
2.814921841187466994e-02,5.273557193437260482e-01
-3.921350200620565274e-01,2.709879405975930688e-01
-4.000058082069707921e-01,-2.764563467607384362e-01
5.496844698446257116e-01,1.714988402934232159e-01
7.045286289203078756e-02,5.111665704859131854e-01
2.635581362637673952e-01,-4.536520900319341298e-01
1.693009728561626348e-01,6.249224383426104090e-01
5.135896546018662301e-01,1.725884413887399660e-01
3.452000192823118097e-01,-3.111269827114078734e-01
-9.558600751399126683e-01,4.937783304537862183e-01
2.155756487052392645e-01,-4.222002245501185191e-01
8.601417033612890339e-01,-5.054040715617813539e-01
-5.200497518709889383e-02,-9.724379931890376749e-01
4.156914207730093014e-01,-1.020505024888407886e-01
2.917609942225562331e-02,-4.855987960059768294e-01
5.338848702665002777e-02,4.945463130515814765e-01
-6.717716594741788283e-01,7.742142588912924728e-01
2.904963881164424055e-01,4.077326071273364438e-01
3.959197527020259511e-01,-8.396259873273095309e-01
4.702288102655606816e-01,1.208054896080097140e-01
2.230579795671125964e-01,-4.050367156862142992e-01
-4.607155591856690324e-01,-2.897917621497946850e-01
-5.720360269861793356e-02,-9.829692479065414989e-01
-4.275143262222165785e-01,3.234319977186251305e-01
5.836937424021536314e-02,-5.631700569208376583e-01
3.270545563692555113e-01,-9.870482386980566902e-01
3.388408872192530397e-01,1.044737789770269432e+00
-1.024987008126197807e+00,9.111984665105685166e-02
-2.831954737592570770e-01,4.218606933492955458e-01
-9.247725594665560100e-01,-3.002165232652991844e-01
5.373250651384897658e-01,-5.830534490989310037e-02
1.528798873215672094e-01,9.378237613111374271e-01
-1.042784531237261447e+00,-6.176874924326591909e-02
-1.505854067359130993e-02,5.071447347157738150e-01
6.013565947142123225e-01,1.394824565031553276e-01
-1.064311642518270817e+00,9.325859414445095141e-02
8.220615546225439330e-01,-3.701623612831460575e-01
4.993855241094261599e-01,4.611690432873537249e-02
-2.020442477550259130e-01,-4.680854691851660254e-01
-9.542906223963546486e-01,-2.381059321731095746e-01
9.196649493378759033e-01,-3.033679796726120315e-01
-2.284081301189541113e-01,4.977930453850386017e-01
1.047714933595458975e+00,-1.815468421581984959e-01
-9.061765699661853413e-01,-4.717647980360707982e-01
4.334297713208434266e-01,-2.327943669133290538e-01
-6.428919039953786552e-01,-7.402917158563810940e-01
-9.378811395382873339e-01,3.717550613387074487e-01
7.953979124768936759e-02,1.017210008970252488e+00
-5.837763234935826606e-01,-6.543098148307782691e-02
-9.820937867111374509e-01,1.488574289903231256e-02
1.279312957840848530e-01,4.320389752433120290e-01
7.614609398882077329e-01,5.628123567388194637e-01
-3.660633003553457332e-01,-4.449505079246595107e-01
8.602521641419609288e-01,-4.967236779643496303e-01
1.990721207319582076e-01,-1.003193327407363888e+00
5.335452822275776885e-01,-1.657836230362922103e-01
4.483074690277428220e-01,-2.060430019466438778e-02
-1.981573215150722600e-02,-4.055653904763488748e-01
8.471113134911741893e-01,6.677356989394555020e-01
5.270634923435890684e-01,-6.195850692187918063e-02
-4.277692341043092261e-01,3.173797165545653165e-01
4.718934297489148499e-01,-8.901185185047369997e-01
-5.293610344946185486e-02,5.057299218173377797e-01
2.272879579037604958e-01,1.000407554506820729e+00
-7.004606346482790125e-01,-6.711689569337294659e-01
2.761232262885253697e-01,9.232422649299186768e-01
1.002665803677658563e+00,2.937302566860459097e-01
1.800367877247214254e-01,-4.222904238906663443e-01
-4.548703065196363360e-01,2.328648533387695507e-01
4.910701270864990114e-02,-3.947476230883418813e-01
1.593774117680846203e-02,4.659784561913461465e-01
-1.015189997517651266e+00,-1.650883551136935606e-02
9.714944579544977366e-01,-3.942993404439961713e-01
3.540360631324114271e-01,-4.043408884981687934e-01
-4.472636254954738821e-01,-1.470717762888650304e-01
5.463345951382287957e-01,7.127595288356375347e-01
3.047364566434691557e-01,-3.960590942650938362e-01
3.689005190223793584e-01,-3.352470575701476108e-01
-5.213111150761945423e-01,1.099169374818371181e-01
-4.634963741974028051e-01,-8.925341532304984504e-01
-1.044077302636919669e+00,6.550879321528627064e-02
9.594325377389745224e-01,-2.853469802823494494e-01
8.716099377187536135e-02,4.667471338184975282e-01
-2.497862845063708592e-02,-9.936648704799218024e-01
-8.454168519147278182e-01,-6.224835559044039623e-01
1.325881864068059190e-01,5.262699588767444370e-01
1.083333831341803721e+00,8.854338730249244893e-02
-3.936195821814152396e-01,7.654961273737106997e-02
4.692657144389086876e-01,-1.270814883086015812e-01
2.509391097985282371e-01,-8.918833418611277208e-01
-5.393874519883502527e-01,1.852091314103885278e-01
8.270092648251659018e-01,-5.720153477033753653e-01
1.738796532400951333e-01,-5.477674703966135539e-01
8.674966658444895895e-01,5.510321004646324683e-01
2.692366698455686547e-01,-4.584426532317330549e-01
4.309434199483327399e-01,-8.409970506056864137e-01
3.536384803635070906e-01,3.491797120611568328e-01
-9.004744638159518644e-01,4.622974064252546311e-01
9.480322369468793253e-01,8.962932661284210567e-02
-1.596433020537127087e-02,-5.018420970505176326e-01
-1.054146902553136922e+00,5.885398745352417305e-02
-2.654137503796721309e-01,-4.113961515400211821e-01
-1.010511397789258803e+00,3.739070419320566496e-01
4.266096467215930721e-01,-1.883228099582752446e-01
-5.979168668245778973e-01,-8.907811574170724223e-01
-3.548804289807175882e-01,-3.540573100293492037e-01
3.752153842101113579e-01,-2.943192147685445015e-01
4.752044849095782841e-01,-2.965382237851328304e-02
4.682828049965720996e-01,2.332303144595474498e-01
-4.555117366289841013e-02,4.288901764894273994e-01
-1.040456496054927849e+00,2.161552628217751071e-01
6.786636733516915321e-02,5.057030328984942757e-01
-2.658158281107852461e-01,-5.427189270600930593e-01
6.186728592834463969e-01,-8.125166401394912086e-01
-8.314492971675627730e-01,-5.156632265708914753e-01
-1.682350180909799597e-01,4.369916202575093167e-01
1.064296033565807598e+00,-2.254128135418964618e-01
-1.122744719833707328e-01,-4.763014159102452738e-01
-1.013253307878188847e-01,5.471615737851404093e-01
7.125720432044072017e-02,4.941475639326181613e-01
7.885224825401734305e-01,6.860621178265603470e-01
-6.565303025751492161e-01,8.168982316251123255e-01
4.842928578698649233e-01,1.806709619268618838e-01
1.911368928310952509e-02,5.334246771876461901e-01
-3.350011320213860389e-01,3.957767502199641130e-01
3.333670799515455752e-01,4.233612519656446138e-01
-3.683146016987106086e-01,-1.220031438181034683e-01
1.849087522503839454e-01,-1.018453686191468588e+00
-8.193436833128974195e-01,5.282377743492590039e-01
-7.984819371217203310e-01,6.022159887706054482e-01
-9.001495321139275640e-01,5.423385191051731669e-01
-8.807186118790917284e-01,-1.322842296921077909e-01
6.099081154261037918e-01,1.912863378998690134e-01
-4.323414822285285286e-01,-2.821754352024612444e-01
-4.858960720470403283e-01,-4.480295032161169672e-02
-3.644616135644921373e-01,9.959832679210598450e-01
-9.743849711015210024e-01,2.045148413014327982e-01
4.966123183803175523e-01,1.269280549444043171e-01
-6.282940833081457344e-01,-8.329400677695893984e-01
2.600761251144121378e-01,-4.811951839052995283e-01
5.407972428077796323e-01,1.000418691000374283e-01
-7.488434326838112609e-01,6.123497802223506481e-01
-2.362026165161838775e-02,9.900416169463962524e-01
-8.323826066426852632e-01,5.469058195743145001e-01
-3.065149919220761660e-03,-1.048547644734981965e+00
3.689131370746415173e-01,-9.230591934425738110e-01
5.996649094377139999e-01,-8.660635631290010128e-01
1.483290875292135880e-01,-4.478686607058918745e-01
-4.111434946348242747e-02,-4.729820740043675364e-01
3.922009354881696164e-02,5.142679323515896295e-01
4.169100486872136246e-02,-1.039883046699081826e+00
3.425093729120960440e-01,3.328864599038176553e-01
5.786398641283110322e-01,-8.787008527719073481e-01
-7.782619104319946635e-01,-6.838795901780022612e-01
4.811882755261946976e-01,9.294757938712797651e-01
7.734060955589614483e-01,6.363953939546550531e-01
-4.528255508762350501e-01,9.170532764000590698e-01
-3.977117557228473377e-01,9.055604533341232720e-01
1.836492306875583402e-01,4.014693608948105563e-01
-4.176800901940813660e-01,3.917837243279543857e-01
-5.376946809861249399e-02,5.653825367425394655e-01
-4.343596281367795298e-01,8.415045083028058759e-01
-5.018032632451052688e-01,-1.986916263937071603e-01
1.302911016991552540e-01,-9.434220602468875727e-01
-9.014399441461035112e-01,-3.517274652939794688e-01
4.205335153924779634e-01,2.739456614217467556e-01
3.965544459686264345e-01,8.281640429029812900e-01
6.366248568712260525e-01,8.588395748240744698e-01
-1.977607003936861230e-02,3.900880978097089891e-01
-4.724215515615098337e-01,-8.302970608335763503e-02
5.160313799817397573e-01,9.221683451752694660e-01
3.562609904051153853e-01,-2.422340724699498238e-01
1.274671699067001784e-01,4.949167279035568412e-01
-5.379128042534248033e-01,1.665820029990061624e-01
-9.419764638884782215e-01,-3.535382115590474106e-01
6.600177845221860684e-02,-4.488515761286662742e-01
-2.115000038498591473e-01,-4.456937188260635674e-01
1.102073794684845232e-01,9.368115051279842787e-01
-3.095757981350512056e-01,-9.297560689944406320e-01
9.905948706820663086e-01,-3.807874055185599405e-01
-4.338461597827645289e-01,-3.577794595994062132e-01
8.223883905094017122e-01,5.072525667624032675e-01
3.738787724810510027e-01,-3.486528748474609918e-01
5.281426933191520900e-01,-8.481469702703950397e-02
-2.918665656746630699e-01,1.041364517693314395e+00
-3.186198306820215986e-01,3.339623307576053968e-01
-4.785017113996700155e-01,4.204993314470185928e-02
4.476505124112077905e-01,3.579220517952410585e-01
8.878986024046502390e-01,4.939317180357356563e-01
8.834808736758601455e-01,-6.119393106790506076e-01
2.237551440961342009e-01,5.159871237860460536e-01
-1.192307266003155564e-01,-5.218411186687686998e-01
4.884139163268095829e-01,6.723998236576811394e-02
4.642976272128606641e-01,-2.053248727034349685e-01
-6.256695333367918999e-02,1.049527525605245204e+00
9.554553591406093060e-01,2.684468243737556103e-01
4.290179649775167914e-02,3.938158901126354028e-01
-5.402101645482187964e-01,8.897951630766612885e-01
-3.136448058886718848e-01,2.476015077595949410e-01
-9.328442211582399501e-02,-4.596023193574607091e-01
-4.478374481421649733e-01,3.535766413850369161e-01
-9.939030493306647562e-01,-3.367953899478158264e-01
-3.163609225628215560e-01,-2.834915619073311577e-01
-2.984051291871162581e-01,9.210409501562123458e-01
-8.000176396908542653e-01,-6.343461158845776771e-01
2.963338285483263501e-02,-1.009928429065025668e+00
-2.795606941808526646e-01,4.253745539825501965e-01
1.262972758030092013e-01,-4.260323413123875969e-01
-3.946930251241476117e-01,3.912713442708924405e-01
-8.187382333002746204e-01,-6.117439971670985965e-01
3.361510781669091452e-01,3.676757993793146051e-01
-4.827594782303321064e-01,-7.819842282475769624e-01
9.321423223627557375e-01,3.532495257861280047e-01
-5.254914148995640799e-01,-8.942403835494814324e-01
-5.384470912184970981e-01,7.829466701832707987e-01
-1.055744472268198120e+00,1.679585014156650957e-01
-8.551251186358198586e-01,-4.083259272787512217e-01
2.252144101060382098e-01,5.157103656873504027e-01
9.186861504239264564e-02,-4.483052432408040078e-01
4.488812718606166596e-01,-2.872114395815926757e-01
1.002852193402504533e+00,-4.977142635662353820e-01
3.733250728634570081e-01,-4.986461895759924934e-01
5.049960556097256026e-01,1.507522657470343752e-01
-9.685130292800979701e-01,3.134689935440512221e-01
2.509646810835457487e-01,-3.988397943169746385e-01
-2.985888079807307860e-01,-4.557191807441636766e-01
-1.087095648960851202e+00,-1.994802694798631926e-01
2.100267609569673732e-01,4.000244093042336635e-01
1.336514875412093128e-01,-9.902258847499684213e-01
-4.290370708172222547e-01,1.884455749159861249e-01
-1.146907685096615510e-02,5.121254503340855191e-01
-6.483016806855445013e-01,-8.419380921012757923e-01
7.085364255844323056e-02,-9.654599369181618984e-01
3.398988721739185648e-01,-4.051155200786469290e-01
-5.142447936510370354e-01,-1.006496803778860472e-01
3.172564036309136748e-01,-5.375055901879132181e-01
5.732896417436917913e-01,-7.905614857023869346e-01
1.279875690511194652e-01,4.902882270221783911e-01
-1.034239642468774978e+00,1.393739285852733933e-01
-1.681171159890083588e-01,-4.329256923886234398e-01
-4.165998129050757504e-01,8.342134535103618020e-01
-3.352742929244142411e-01,-8.884965844458063700e-01
-4.055819779623699439e-01,-8.719643656728006675e-01
2.525449416129899594e-01,4.900933322019779270e-01
-6.942627786347419505e-01,8.167249347513956259e-01
-1.001303755234554949e+00,6.981899715979712762e-02
1.467058998900894473e-01,4.180170898642060484e-01
3.881595161999688154e-02,-4.654678062581812381e-01
-8.825403416839322501e-01,-5.598751526293174186e-01
2.181422463620323882e-01,5.138155651705029747e-01
9.777276705839652027e-02,-5.082070380225169881e-01
4.982524688982663541e-01,-8.938633986066483184e-01
4.360112962004567549e-01,-8.420540995739403956e-01
-9.751224304270813548e-01,-1.425462511301184565e-01
4.266714740907337489e-01,9.977865851948242160e-02
-2.570183491708387113e-01,-4.380337219317728681e-01
-5.773834116978436570e-02,-5.308115960654771204e-01
5.208300700717791720e-01,-6.925188757275035911e-02
-7.336076004580899257e-02,5.954122453865513531e-01
-2.067771308558168930e-01,9.065057253175724528e-01
-1.614620653727073529e-01,-4.307148817677771691e-01
-5.064398161552652322e-01,-8.855392341431681524e-01
4.981173173790555131e-01,-9.582005294612789825e-01
-2.496028274898787758e-01,9.764919585664723067e-01
-1.515292412937308264e-01,5.129650546559464397e-01
-5.021948062537142654e-01,1.200187227110415672e-01
-8.310545176149755076e-01,5.706472475230239816e-01
5.126633834901099807e-01,-8.403288838818617074e-03
4.181885703812687760e-01,8.677658477093825873e-01
-5.034190168099783591e-02,5.262727378973872661e-01
-8.943981009957540085e-01,1.413757738686665932e-01
4.005861496509074970e-01,-7.439250535417651911e-02
1.225411527262166428e-01,-4.875196838027602841e-01
-5.589339925636311879e-01,-1.403602308883546979e-01
5.296193972494341734e-02,5.105968158741814866e-01
-9.905318489660439596e-01,3.833290756215667061e-01
-3.628293633109788696e-01,9.670312901999581490e-01
-3.393023498536577032e-01,-3.481269854452688217e-01
-6.564171923441668444e-01,8.189472717604158181e-01
2.994677815341120208e-01,4.238310947688610497e-01
4.790249227300097390e-01,4.221657805828821219e-02
-3.355418964772569068e-01,-1.035749649677282447e+00
9.771127618212532839e-01,7.301415673435415754e-02
5.862755332998689228e-01,-8.415201049831111391e-01
-4.812225888826364151e-01,1.110446456730660586e-01
-1.020208728027287570e+00,-1.148324021024522690e-01
-4.790297518435296387e-01,8.382352398990257081e-01
-4.736901499344646216e-01,1.361396732576073410e-01
-9.176084264500782295e-01,-1.922017670916653098e-01
-4.961482126154821426e-01,-8.933725681328405499e-02
-5.583128628528052362e-01,-2.178762244267257731e-01
-8.227798236249536101e-01,-5.574790217724809871e-01
-4.153485622594417226e-01,-1.491995811987825438e-01
4.330573617364573691e-01,9.695363431190917591e-01
8.366434778861625565e-02,-9.780671759776997654e-01
3.666133064038799572e-01,3.543883901643470336e-01
-3.352953202112678444e-01,-3.813371764311757617e-01
-3.119355417298032007e-01,-3.989116399703102611e-01
1.006470369419451227e+00,8.406384235993709375e-02
-9.430961444061352061e-01,-5.163481266482404797e-01
4.994357558559448518e-01,-8.821818859569858368e-03
4.034871114874723497e-01,8.647363637291813898e-01
-2.232804713768331006e-01,-3.891731526735537905e-01
4.788170521543572700e-01,-1.461426635292683573e-01
-4.582180831910456775e-01,-8.388362769042188027e-01
7.414494116636347609e-01,5.185589440476039425e-01
9.812793311133437557e-01,-3.984871292323672876e-01
8.657752739132340558e-01,-5.104687284356563826e-01
-3.466522614637438382e-01,-3.857121915012762248e-01
8.585642694526812724e-01,6.119673314948000931e-01
9.469833325855819828e-02,-5.182247206937832251e-01
-2.564301544203191896e-01,4.630758015366794877e-01
9.629945560534903803e-01,1.340327442260622615e-01
-4.088313830823627759e-01,-4.515532619583887963e-01
-4.342269035000369537e-01,-9.380435451227094046e-02
7.080628977451207673e-01,7.180607551547787404e-01
-2.974082951026817412e-01,-3.985779992010682893e-01
-6.359484917637313606e-01,7.914487248855602841e-01
1.006985101806215699e+00,1.122804197598340353e-01
2.468724500584249248e-01,3.715003161709830581e-01
-4.506573777199554542e-01,8.479501336425127045e-01
-2.952367370280186143e-01,8.441250857525816054e-01
-3.341907337409850132e-01,-2.699426745642266035e-01
6.804731090633070467e-01,-7.635486981715521315e-01
4.928533767046477942e-01,1.691316841794673898e-01
7.649440184673248488e-01,-5.662237532829560438e-01
9.461817482375468880e-02,9.066665332310405168e-01
4.388399361765825124e-01,-1.497281213133746514e-01
-4.533611844898028376e-01,9.503654748580184775e-01
2.292374960281054752e-01,-4.381980897408763176e-01
3.590951729375702062e-01,-3.472195739896845601e-01
-9.467494814031416350e-01,2.362255908578108354e-01
1.021660860010430882e+00,2.676529915360234546e-01
-3.033408189485421458e-01,3.991638826718832966e-01
-8.763209900670661245e-02,5.053799280502677682e-01
8.511756786795956486e-01,-2.620630264152003924e-02
-4.218084639354908738e-01,-1.736118521537022841e-01
5.181824282985740826e-01,2.694928793646091392e-01
1.020464390158759782e+00,-2.680287250421602985e-01
1.942302501857514074e-01,5.418176241649756975e-01
-2.465100170619926451e-02,-4.493290811336909663e-01
7.794519777871555810e-01,5.536710661234260922e-01
-1.120874862891295398e-01,-5.060070557934929214e-01
1.271391915490446833e-01,-4.822996087859553471e-01
-1.188822991756629532e-01,5.262189265974474006e-01
-3.842179311517357476e-01,-3.323971881894743907e-01
-4.525200109926105774e-01,-8.634229616755428882e-01
-1.893074394138824779e-01,-1.090193384863627823e+00
-9.180754931783560724e-02,-5.557314333867555689e-01
-4.530245626270741344e-01,1.870828351849123106e-01
1.702672522057749327e-01,-1.067547439250226438e+00
-4.734488398280547461e-01,1.114823422668663327e-01
4.711614931512683735e-01,1.673728495107136005e-01
-5.606899479027447342e-01,-2.195621107275627648e-03
5.648955595620108738e-01,-7.706875669578738819e-01
-1.606441397988563613e-01,-9.822148282041507361e-01
-3.297492839275848464e-01,-1.014223398116443020e+00
-3.379745793605240523e-01,-3.994110305782981873e-01
6.119176793437659523e-01,8.823107227685856868e-01
2.905490343947279008e-01,-3.284287628893318711e-01
-1.276109719909031548e-01,-5.666827980718867064e-01
-9.354798555498471391e-01,-3.155684219539947044e-01
-1.886734598113312678e-01,4.888855441496796628e-01
-4.108587921651158936e-01,3.696180747659219556e-01
4.226017565520584496e-01,-9.043713923735026139e-01
-3.446024867433888916e-01,9.039731763032352596e-01
8.606827580489694318e-01,3.724377585390626355e-01
3.197896445050716352e-01,-3.827731606802000641e-01
-5.011024982168883479e-01,-2.933634430493857193e-01
2.249043472259414922e-01,4.475556095855421357e-01
1.325792982807999509e-01,9.565490472799501598e-01
-9.831508672191663356e-01,1.504601390267696348e-01
1.946791639763812039e-03,-4.490316877511403293e-01
9.262646504284104410e-01,-2.565501813610424620e-01
-1.922816225838152315e-01,4.324410637099722621e-01
9.764074794465420482e-01,-4.859915833530233792e-03
3.490103858393867609e-01,-2.994737304019217117e-01
9.746011831417245030e-02,4.861862196255924418e-01
9.197492148191355188e-01,-1.109348177352291603e-01
-5.454949699043093458e-01,8.729180721951720345e-01
-3.622481883398433467e-01,-3.709337114075461073e-01
1.009443446842605452e+00,-2.548386628523631181e-01
9.392701919436574620e-02,-5.021701523612496221e-01
4.989726844830655872e-01,-2.428853789444908040e-01
-5.325374051855304991e-01,3.823416493911931807e-02
-7.967485121647002178e-01,-6.314293401917886461e-01
1.069667579783591727e+00,-1.691476281635551360e-01
1.109430357906371484e-01,9.709294071527281300e-01
-4.360099974314718962e-01,8.330451421822412383e-01
3.317678019189424510e-01,-2.942465755178496067e-01
-1.861778128019025980e-02,4.454951508786255121e-01
-8.939175976786257749e-01,5.516092757472433883e-01
-7.097745394487499082e-01,-7.243681349595519903e-01
-4.894506027627680278e-01,9.695703011415522932e-01
-9.324980980781445716e-02,-9.904323364834543009e-01
-3.248784170002332050e-02,-5.257875572801250508e-01
4.184794606999600597e-01,-9.150583304126695960e-01
4.474829650897160227e-01,-1.608052743761869685e-01
4.813965576023639947e-01,-2.617513837761015760e-01
7.870462208818451710e-01,-6.306759855959207517e-01
6.411548170766196986e-01,8.032275822249262953e-01
-4.014843690007526833e-01,2.252818156651653914e-01
9.980858344358013445e-01,1.722533626514261007e-01
-2.593961186446827605e-01,4.440966566945344640e-01
3.470846835183648005e-01,-9.807679396342954270e-01
-2.471710527581180983e-01,-4.153797133254893970e-01
4.212631838581999966e-01,9.799796471411394150e-02
-3.377906217749705731e-02,4.822133897898615573e-01
-1.971220634474867284e-01,4.293475399256431180e-01
-1.093661398185555633e+00,-7.687153945735496208e-02
3.493865731069185632e-01,-8.427594117111686378e-01
-4.174267857156592210e-01,1.512456297599505395e-01
1.635678650306110482e-01,-4.651544379561498022e-01
9.416301281012262603e-01,-4.345340523711632152e-01
-5.996210826455866671e-01,7.745528708431356213e-01
-5.264272597588633973e-01,-8.626003629426219899e-01
5.043964727994973973e-01,7.594331823858020414e-01
3.539308338345411031e-01,4.606743775794943097e-01
5.744483796456346658e-01,-8.132578609614983245e-01
1.073918698360634583e+00,2.139266563860321435e-01
-3.172020055310055264e-01,-4.457467508961489022e-01
-8.573808071910760109e-01,-4.952579748619551081e-01
4.278049603894592545e-01,-1.765455386530160875e-01
7.680865974967016063e-01,-6.128251121834227266e-01
1.019863202337208258e-01,4.156187769352909789e-01
-4.539122011179337335e-01,-7.624899601405583927e-02
4.937524963987089954e-01,1.267726780355729332e-01
1.590578884742528121e-01,-4.074019471731677444e-01
1.027707982725935443e+00,1.661876096265492708e-01
-9.907546748186855101e-01,-1.394367970509832744e-01
-3.720765376120033219e-01,-2.975234921635432905e-01
-5.523049055386124451e-01,1.863835158958621618e-01
2.747136709550866418e-01,2.756162206922657121e-01
9.801465427150637399e-01,-7.032805688676778411e-02
-4.696379373358006704e-01,-8.673100356677156952e-01
-5.131262229147924847e-01,-8.792514188535255348e-01
4.018272736447486837e-01,-3.315354207461748692e-01
2.946270375680229425e-01,-3.721936367028944037e-01
-2.097634098911014544e-01,4.461380155690796712e-01
-7.002041875167623886e-01,-7.927020081378626237e-01
5.565791019089535441e-01,-1.692095050932081735e-01
1.849310552705382416e-01,9.952613457262766694e-01
-6.651018934864471044e-01,7.541024110069807218e-01
-1.707554073939859529e-01,-1.032651615877955953e+00
-9.384175010785085203e-01,9.236750123117898337e-02
-9.108018540281849207e-01,-3.674402152721596981e-01
3.724538426625115806e-01,1.286597672489396826e-01
-1.025274001019620407e-01,9.142358775675689664e-01
3.104317604109473328e-01,9.604317520671101782e-01
5.244157753290100699e-01,1.135872144421663926e-01
-4.920536840314916893e-01,1.138033217911471606e-01
-1.078885137330600541e+00,4.550873724937128800e-02
-8.748057480961074495e-02,4.046690864129147136e-01
-9.109400602000460312e-01,8.401059587070658363e-02
-8.317575811799419183e-01,6.115467710145604530e-01
1.062222030402648398e+00,-7.446072578287078747e-02
-9.736142681113812980e-01,-1.861541764779188202e-01
3.867350808034834553e-01,-8.617287621189503311e-01
4.211046933739622244e-01,2.230370242755564947e-01
9.858179869660605998e-01,3.535567212488684996e-01
9.787173384613135907e-01,-5.201057236473942691e-01
2.603354673901937533e-01,5.272723757132748990e-01
9.247682028164855295e-01,-5.391953359414908276e-01
-2.007459515225670788e-01,-1.058135564545027663e+00
9.539564049612474506e-01,-4.947927977964006185e-02
-4.341633755925810023e-01,8.070160048833978639e-01
-6.220515780616315826e-01,-8.656726964766454646e-01
3.208939277380956634e-01,3.674074492851630014e-01
4.711689870671705860e-01,3.283641624593250929e-01
4.582750616259406162e-01,-4.181146849092765017e-01
-5.905517147153390711e-01,-8.915757392260236225e-01
5.211974884967680577e-01,1.480678194681240289e-01
-2.447480330158980921e-01,9.346693337655870293e-01
-1.982449698495564738e-01,3.129593524867655963e-01
3.117674148017527402e-01,-9.836921694387916748e-01
-6.782563889865523832e-01,-7.294578928811015217e-01
-2.760689831703387331e-01,-1.005558283189119440e+00
-4.554451347945289719e-01,-8.542960533733308104e-01
-9.927858861940085378e-01,2.958441158850128039e-01
9.150165032930679399e-01,3.495656448891590329e-01
3.622708195298040557e-01,9.371184739146273257e-01
-4.039972130630340441e-01,9.923839981866378057e-01
1.156384546855696027e-02,4.307848182046228325e-01
7.205487242621340105e-01,6.963144555132010360e-01
-3.193342017612992856e-01,-2.359155762779286958e-01
1.115826589988242190e-01,-9.840299707122347472e-01
-2.071344144134711629e-01,4.848942326441447181e-01
3.464470938601966754e-01,3.361033020129188809e-01
4.879445677546645488e-01,1.618844045339800086e-01
3.698836078996399213e-01,-3.311100831258432242e-01
-1.934337894971684402e-01,-4.230229940540165545e-01
-1.295955212769861475e-01,-9.716474947356144032e-01
-5.659768033196674875e-01,8.223685182029616403e-01
3.537742534013956219e-01,9.334204471742347797e-01
-2.456637780334289534e-01,9.165346906914940694e-01
9.846918618007088897e-01,-1.015677530343058743e-01
-5.270107702718930254e-01,9.000063096006023500e-01
3.552053606837488609e-01,5.397764915443573619e-01
-4.242220126542675662e-01,3.700094584590719604e-01
4.647381486904960668e-01,1.741341911990685054e-01
-6.720600129653808708e-01,8.726258510834784543e-01
6.388162604983887993e-01,7.516463511091633354e-01
-4.357664436207972503e-01,-8.239823775333426914e-01
9.269912999649179142e-01,-3.928051021212944360e-01
4.219072204844277474e-01,2.867438096819855953e-01
4.369120144675007200e-01,-2.369289320607472771e-01
1.016925581949445823e+00,2.206273346876956032e-01
-5.707632509044030522e-01,1.189651570955811144e-01
3.183014505068108568e-01,9.427532033148550150e-01
5.145233355879631487e-01,-1.047022661828847512e-01
4.146311034649493577e-01,-3.673793116168488360e-01
8.508334891069284645e-01,4.965694868050931077e-01
-4.006366669095000610e-01,8.288028342299673668e-01
9.086086735500676914e-01,-2.896332582375930054e-01
4.583556279140707512e-01,8.786084248869539814e-02
-8.796384791312092943e-01,4.354250053929606401e-01
-3.925079074828320413e-01,-2.700117673295601706e-01
-2.485933056855522960e-02,-5.070886590455635501e-01
-9.257367148900508269e-01,-5.018798723845723231e-01
3.383406184649141446e-01,-8.753857736484524921e-01
8.188019258195899930e-01,-5.703632850842568214e-01
4.779133370921381241e-01,8.754136338446597554e-01
-3.966123178855410214e-01,-2.621823909743448699e-01
4.046963712945813585e-01,2.067069687350107376e-01
-9.640080542148928844e-01,2.959012017075856593e-01
-2.222165398647471535e-01,-5.926699915761972637e-01
-4.848222008707500641e-01,-1.984275862757752251e-01
-5.100890629144693156e-01,1.982847886092009293e-01
3.703085077858009333e-01,3.895299432470659129e-01
3.411827162626762666e-01,4.101179981274863939e-01
3.965398617587086449e-01,3.020320605857888530e-01
-1.173889064521076164e-01,4.904878946291131303e-01
2.845694650163321793e-01,-4.157318374149610030e-01
-2.899295612790947496e-02,9.515779252785588893e-01
-2.691610421894344296e-01,-4.413384213387257504e-01
-4.261290908682048295e-01,9.423929376392714552e-02
-7.182796254682718429e-01,6.638137551094668298e-01
-4.974688243260936837e-01,1.438916975279599109e-01
3.434393504979572631e-01,-2.612045594340294263e-01
1.039752721292364068e+00,8.985686406486725897e-02
1.737303290539216338e-01,-5.102125149288824213e-01
-9.101385738228576772e-01,4.550082343388879291e-01
4.594425934550921409e-01,1.894828669580591596e-01
-3.831110635484582527e-01,4.200484977751643423e-01
-5.441297180994502103e-01,7.629121030665805270e-01
-2.301681632678914957e-01,4.898327206061183769e-01
-5.982472236889098127e-01,-7.187425141440064724e-01
1.935935902021378718e-01,-4.987825682912682135e-01
-4.123348571078903069e-01,-1.382164570342989673e-01
3.527034071091823542e-01,9.595772544600302822e-01
1.502510019698188592e-01,-9.281428675217903157e-01
-1.508212652318718927e-01,3.889828590796829966e-01
5.015415364890026817e-01,2.333952477729329400e-01
4.391579610493747676e-01,1.004851138137127370e-01
1.686984022681464745e-01,-9.605373840496251869e-01
-2.521982308731309241e-01,4.027011478583021886e-01
-8.993175727389663976e-01,2.379942133932039516e-01
7.302649137994100537e-01,-6.231094426778033268e-01
1.563750585231523937e-01,9.688214961254251190e-01
-4.668641723603988436e-01,-1.393426462672257560e-01
3.771012099791125616e-01,-9.059073839314740750e-01
2.878528645513220852e-01,3.301321340833076601e-01
-3.704967891902906096e-01,-8.438104620239491593e-01
1.015938043548441749e+00,3.459980225340077431e-01
-5.046099254385419952e-01,-1.657935710675205176e-01
-4.667083285563495276e-01,-2.693659611704853907e-01
5.695012336932567809e-01,1.594050123021450993e-02
-3.790440700733658241e-01,-4.870908665735133591e-01
9.685371313960814410e-01,2.816973614542548354e-01
3.791889316709093904e-01,-3.529656681585389144e-01
-2.633013261837487962e-01,3.207961851367380213e-01
-9.670539403656092103e-01,-2.541278824907513556e-01
-6.233816178814423070e-01,-8.236017253816930728e-01
8.369102197853243164e-01,5.010398851141300014e-01
4.425014141376586441e-01,2.120820780171931430e-01
9.780623661991145745e-01,-2.271659847050994108e-03
3.904115060060726061e-01,3.574054859693290842e-01
3.458967011618298004e-01,3.160514356504920963e-01
3.360632532836041464e-02,4.486374945977770756e-01
-6.370629486055594537e-01,-7.871980538496202717e-01
-6.983913014053098056e-01,7.375514897204435982e-01
-6.173399984123529860e-01,-8.338663947844273672e-01
-3.909315099247592795e-01,-7.588173485617999425e-02
-8.738731638274499502e-01,-2.652616853461575164e-01
8.299175534416701749e-01,-6.293164995177207288e-01
-8.773187184251129977e-01,5.174941896171046940e-01
6.970211411441535887e-01,8.287273726163946197e-01
2.735032564425823320e-01,9.738946737832244738e-01
-3.888956114286953869e-01,-8.778187092314883033e-01
-1.985432034717914823e-02,-5.114122795637136010e-01
-4.925098522113871558e-01,-2.342919760355680059e-01
7.816880621923328887e-01,6.050995577519880930e-01
-2.810116938013704213e-01,-9.174905775546701170e-01
-4.944337236613285391e-01,5.568690980519010181e-02
-4.691088339165229715e-01,7.940542031370314557e-01
-5.287641625841169590e-01,9.301839934492190931e-01
-2.258700572617650393e-01,-8.719264739322035718e-01
-9.205876854100516482e-01,-4.162127894771290859e-01
-3.563652469587402227e-01,4.756470380391688013e-01
-8.112751242082906211e-01,4.736667367351821145e-01
1.057946095787190677e+00,-1.501854668668369808e-01
-5.496454209728744711e-02,4.622619897766745423e-01
-1.394314190522886743e-01,4.507590368137441850e-01
2.508069786346572155e-02,-6.133458790624393142e-01
-9.881690878691958835e-01,-2.852456785412350593e-01
-8.839993680695009681e-01,-5.357112246340642869e-01
-1.046604673294296628e+00,1.508634709098159027e-02
4.937123948223117176e-01,-3.289015681857103690e-01
3.836968739245925075e-01,-9.627788100306504671e-01
2.268433567307930748e-02,5.199535212876243984e-01
6.026436655962724709e-01,7.056827602803249500e-01
-3.844663269427885943e-01,-9.650815338319415071e-01
-3.900502634278859571e-01,3.214106981032701649e-01
-5.459599330285009877e-01,2.812320348123110714e-01
-2.900114246843620361e-02,1.061367955212065173e+00
-4.429119164665867303e-01,-1.589050187985249774e-01
-2.222580316084154725e-02,4.965092822580232657e-01
7.085151149914452606e-01,6.399159160049221473e-01
-2.546629567017165141e-01,3.234009822671268797e-01
-1.126180326664626419e-01,9.495500317464659057e-01
-1.788480854814958332e-01,3.793653039232732782e-01
1.581762514603305414e-01,-9.131827610695435471e-01
2.840070798542807529e-01,-5.068291448605783955e-01
-3.880591861936875664e-01,-3.971796942891651638e-01
5.701276792946723404e-01,-8.341741626995808900e-01
-2.760518401367306196e-01,9.512894476893557494e-01
3.901624515141827176e-01,-1.007653520620219734e+00
6.749437708417238557e-01,7.305412150751630085e-01
-3.717179241580668703e-01,-9.974776778540703770e-01
-5.294264381896164329e-01,-1.526304029014659003e-01
2.965797026005466686e-01,-9.299914676722352835e-01
-4.162825159784874218e-01,-1.879823494237359560e-01
8.336617244258875958e-01,5.216476537071529362e-01
-5.396176980896540964e-01,1.139789398058600051e-01
-5.112814620983284764e-01,-1.800781378283175804e-01
8.868114944507693442e-02,1.054042015701377899e+00
5.349144073711817882e-01,2.435161798903986430e-01
8.993732515360439161e-02,4.978738226827641444e-01
-9.774245460048891498e-01,-3.543567367736374929e-02
-6.230221572190274282e-01,-7.893607285377201022e-01
-5.193349765238919336e-01,2.559938840107284785e-01
3.952709180892804430e-01,4.016547392191369137e-01
6.439562979331049375e-01,-8.839233064875515744e-01
-8.655246929155072100e-02,1.060176720133925166e+00
9.752051762009468217e-01,2.379622903904160536e-01
-9.584342587134485614e-01,-3.548684227779241307e-01
2.383653274046126369e-01,3.595463286859503782e-01
-8.441728441244034098e-01,-3.961686598805385096e-01
-2.168168045702609237e-01,-4.529832476978002953e-01
8.213439801391831940e-01,-6.316159602502664505e-01
2.571600908057380397e-01,-4.623477578667065657e-01
-3.691519970199030332e-01,2.149866664290626672e-01
6.416764529085362545e-01,6.883887297689196272e-01
-1.105075602524958844e+00,2.658926664612699109e-01
3.605790264900970987e-01,-9.307694323136429526e-01
-4.386236319180998877e-01,-3.697652883855132577e-01
-2.051945971163385840e-01,-5.008059733036115402e-01
-5.562905015700160272e-01,-8.349985682092652128e-01
4.977270375774411892e-01,-9.105969930437003701e-02
3.021619908222716866e-01,3.352491335444138798e-01
9.676926680879273102e-01,-7.394308018705623986e-02
-7.468049302799618649e-01,-5.743760397809977158e-01
2.615916666127985901e-01,-9.593100687229709767e-01
-3.727665179519109584e-01,1.381852388009475185e-01
-5.199096714891887627e-01,-1.865068892629345720e-02
-5.617743973687258641e-02,-9.816790517268552119e-01
-2.855733631997903199e-01,-4.173242599864361857e-01
5.757996298086520692e-01,-6.982178582278960599e-01
-5.872728571784985308e-01,7.953598974342466210e-01
5.350278929201934819e-01,-8.223188137013984211e-02
-5.833394854952840547e-02,-4.729344282213531203e-01
-4.482824756289950918e-01,2.769399628025953630e-01
6.675130769663744079e-01,8.590068086754065746e-01
-1.024408787284347699e+00,-2.782289232490542039e-02
2.696068151351858622e-01,1.051742379062084121e+00
-4.538464877736965442e-02,1.064610581634297004e+00
-3.649823449423050259e-01,-7.926439517098863297e-01
-5.659573670298044812e-01,-8.012983732423743788e-02
-6.947408474861110905e-01,-7.941441242992396399e-01
-4.108334055033112109e-01,-1.415167593114865785e-01
9.233305161141395212e-01,-3.034414154941391661e-01
6.819848353863292023e-02,4.983384499574753379e-01
4.779598435820103797e-01,-3.147748498319768440e-01
5.245413948423295336e-01,1.572207262172083952e-01
3.352963178258041577e-01,2.711412862254896083e-01
-9.536034510750056592e-01,3.330892232317470003e-01
8.998147226921080488e-01,2.361763352051025333e-01
6.615336610579416465e-01,-6.759591784086790289e-01
-5.109254941927026117e-01,-1.016693190062162994e-02
-9.917741482038200385e-02,-4.706827974869445264e-01
-8.520614719112049595e-01,5.230412562154604927e-01
-7.314235428722059007e-01,-6.206475048905524261e-01
-5.521405033451527444e-01,-7.082251983942026985e-02
-9.142207063868064143e-01,7.865676574491994866e-02
-5.295369964064726709e-01,8.737854103289081908e-04
2.153868637112973106e-01,5.125153430412228150e-01
-1.409209351444784819e-01,-4.828140403115008805e-01
8.481091119996709837e-01,3.672542401972788695e-01
-4.710869863939612934e-01,-1.185351730929762037e-01
-4.163498151469361419e-01,3.214387462212520141e-01
6.005290114385374023e-02,-4.997118020178283326e-01
-2.224535334068687698e-01,4.157698249656099909e-01
-1.205047514831417976e-01,9.486973066011570310e-01
-1.881647390695407873e-01,3.436046384509033880e-01
-9.205467257499904132e-01,-2.134637676443829624e-01
1.155477089907616384e-01,9.248000007755888818e-01
9.538810220862753431e-01,-4.120103630842066322e-01
-5.228666663701038442e-02,1.039011091026983857e+00
-4.347487869192014354e-01,1.001727085505545789e+00
-7.692507321713804025e-02,9.666232725951904303e-01
-3.798337257119944188e-01,-3.348385852265367557e-01
-1.168140118894935436e-01,-4.913222548199816520e-01
-2.443299667407567433e-01,-3.657209220216203205e-01
-5.402314364490676812e-01,1.201156630130786607e-01
-9.277112368027422562e-01,-4.927862412497098776e-01
6.472604285848267969e-01,-7.966791974703449908e-01
-3.057466068792316638e-01,-9.347489015735466200e-01
-7.885112593991140395e-01,4.195045305445401218e-01
-6.177774706696931295e-01,6.857523437882953043e-01
-4.856666499598719100e-01,-1.034856522432634901e-01
-2.911049936247326331e-01,9.047681448683529970e-01
4.585544956668032301e-01,-2.163004412245350672e-01
7.940918414625144361e-01,6.043434421844826598e-01
2.380440924665782887e-01,-9.544771196505070776e-01
9.288617634363659503e-01,-3.498620662340939935e-01
9.186105879484021131e-01,4.159143618420069188e-01
-9.578237089295762452e-01,-3.089479359470218012e-01
9.386564185214725520e-02,9.632641096851518592e-01
3.325217380372509357e-01,2.870392027043573435e-01
-4.703691189065088707e-02,4.527504463410153002e-01
1.109860725315990893e-01,-1.008135071279328665e+00
-1.310040710657753571e-01,-5.248600988212944740e-01
-7.053693346814855492e-01,6.561278591507284652e-01
2.286092417959447176e-01,9.371014915443272031e-01
-1.304457406341539422e-02,-3.675018803932311173e-01
-6.927346627973335336e-01,-7.966833809283606627e-01
4.927994159714829681e-01,-2.670439348791179279e-01
6.621542863436858939e-01,8.430382781902168166e-01
4.952123964844415971e-01,-7.783790789782830954e-02
-5.798109148830254966e-01,-8.175543969625299612e-01
3.136973750222412094e-01,9.889756486373983968e-01
9.965865580796011425e-02,9.778910857557742142e-01
7.798655052735615767e-01,-5.875179477074955470e-01
1.183106167198289538e-01,4.926720835259726372e-01
-2.313242434854408391e-01,4.845073501769829316e-01
7.404703258345465278e-01,6.292950390886338230e-01
1.029061857667306068e+00,5.058001446342447194e-02
5.402361284854563239e-01,-1.784163814521437241e-01
-2.233731025203676002e-01,-4.839675110352179566e-01
-6.571697571122714354e-01,8.186180388641187688e-01
-7.463106885243004918e-01,-5.786318940905785801e-01
3.632030753478881491e-01,-2.599469361387306554e-01
-5.510041937230972797e-01,8.146074425910515560e-01
-4.947780591899377800e-01,-7.419053624234514879e-03
8.856964187376616948e-01,-4.092483100657827721e-01
-3.881113647348919393e-01,2.365153631530146350e-01
9.243500127786686837e-01,4.225382335999889327e-01
1.060592127461952860e-01,-9.805333699053147001e-01
-4.587511096052876991e-01,-2.461879338179119858e-01
-9.773620282581687579e-01,1.804140196010637354e-01
2.436709825193197065e-01,4.957821118926207249e-01
7.971974615757148053e-01,-6.346950723096240754e-01
9.450924039132427845e-01,1.323185049272914415e-01
4.277497276786756258e-02,-5.288057770176448624e-01
4.836065893755922551e-01,-8.817415240850363656e-01
8.879986182812747986e-01,3.497500263472857474e-01
5.960118846892661360e-01,4.368319236812990419e-02
5.339424048781066245e-01,-7.561215286210765107e-02
4.494073906486747982e-02,4.025050879501874124e-01
4.635959038930351772e-01,-2.763356246489028778e-01
-5.120646162615551944e-01,1.489354682675394226e-01
-2.258615029035971888e-01,-9.875738201901378410e-01
5.674426058450479093e-01,-7.250904970701838037e-01
-1.690926242269003288e-01,-1.010082748086855275e+00
