-7.598176016792990151e-01,5.186070899054997518e-01
1.793075796101674335e+00,2.668835676064052614e-02
1.069060847069133846e+00,-4.814367183644487902e-01
-6.725962281158721634e-01,6.915330555452858796e-01
-9.171059661342746416e-01,1.984555695663376418e-01
3.619728594576109848e-01,9.746672558611569892e-01
-1.067049671383543258e-01,1.011076988335323446e+00
8.019300986227517747e-02,1.390864720144554534e-01
1.779300990017762540e+00,-1.577304671364072042e-01
-1.063013661274412991e+00,2.525838012910049946e-01
1.977037124753278086e-01,-3.111472995395406782e-01
2.292778465683072975e-01,-1.640126846002962768e-01
1.035503695696336823e+00,1.606377281550418756e-01
1.345747485207143379e+00,-5.170937422511256987e-01
7.789920114295332265e-01,-4.327410578404016772e-01
4.739497775902898336e-01,7.804849539170687356e-01
1.004093121838456559e+00,2.975838951622419848e-01
-9.251379258063797684e-01,-4.362646558031669369e-02
-6.844388756333099622e-01,6.244906792882145563e-01
9.976413528560733324e-02,1.029899713529180305e+00
1.759091895990719523e-01,9.974353507626222415e-01
6.702913197685140823e-01,-3.272056914311010645e-01
5.519780146772539364e-01,9.207405002825699292e-01
-7.232572120224881607e-01,5.338916704543323899e-01
1.024626814277593390e+00,3.443135381773228532e-01
7.186459846590335099e-01,-4.713036841160490598e-01
-9.693700903064120800e-01,2.701682251952622904e-01
9.867439028152988345e-02,-9.946224470372848347e-02
8.430479290151952215e-03,9.283694834547105978e-01
1.028408609297994492e+00,1.828054309172476022e-01
-9.876101460382018526e-01,4.076818398512467856e-01
1.010182039822120625e+00,2.789112076214557145e-01
8.268561932257627589e-01,4.611112743434452876e-01
1.468646214391302163e+00,-4.056142936354580897e-01
3.374945452253247380e-01,9.519628830639043082e-01
-5.669997841470060251e-01,8.569124325388859376e-01
8.148474646857754022e-01,-4.487402479226817453e-01
1.031892688901479893e+00,1.915265604213293171e-01
1.740398859784323182e+00,-1.531783237381595941e-01
-1.042158274535023965e+00,2.831816390045656662e-01
3.874315974102095494e-01,-2.958606825254435080e-01
-8.899526758421618666e-01,3.878104476769045905e-01
-1.054422380355301669e+00,1.441914912728759490e-01
3.091576154969948378e-02,9.744056711428059625e-01
1.693316672501391951e+00,-1.927967348972660089e-01
1.004779035112297381e+00,4.788666099802916382e-03
1.046936993382240555e+00,-4.419807442431733513e-01
1.180993388044297543e+00,-5.007152024857313144e-01
7.699245722989569440e-01,7.328666261485488054e-01
1.838584614421293895e-01,9.953548031277638097e-01
4.105682218533789757e-02,5.305202379940496815e-01
4.304218073971726177e-01,8.877016403055894012e-01
-7.494442613176818258e-01,6.798764310732142713e-01
1.041863273044538740e+00,-5.373008578180292760e-01
5.501672939294516285e-01,8.562807395503274632e-01
8.594657720551085456e-01,5.428857659567916105e-01
1.069020656355227583e+00,3.578313761368370205e-01
1.146346824560652219e-02,9.076374918919281054e-01
1.524022250379495347e-01,9.071356515606070481e-01
-3.655270669023509833e-01,9.742891906519196565e-01
3.454023569911894576e-02,-3.555634729458820309e-02
1.663190300287952228e+00,-3.215030502095418963e-01
2.002187500220694361e+00,3.745310817315714025e-01
1.998091747891670877e+00,2.754535798940243030e-01
5.525401804028193808e-01,8.946915243532657103e-01
1.116781213824972863e+00,-5.318530789194081398e-01
1.135112109774288475e-01,5.905661724280404645e-02
6.838318135280216925e-01,-4.659786938820623670e-01
-9.936759237012724455e-01,3.554054006411150324e-01
-8.209116404200641481e-01,5.147240405589990075e-01
1.066407288509213069e+00,-4.627554338956317292e-01
2.603736256399772353e-01,-2.272782240799878228e-01
-8.486033445242644468e-01,6.652030151525881729e-01
-6.739961000879300945e-01,6.948808182780009668e-01
-4.951210051703149317e-01,9.012094707917496228e-01
9.677178877283003633e-01,2.115968380984510067e-01
-8.724651277240462743e-01,3.234675326495045078e-01
1.285083401101457523e-01,9.373187612183956352e-01
-2.739325290788655054e-01,8.988680695877290239e-01
-9.718594194868919178e-01,4.091643695113935664e-01
1.976816408755052379e+00,2.342153202535999790e-01
1.968588692580628408e+00,2.765011684265487601e-01
-3.565014347801385153e-01,9.392147089974502983e-01
1.644369819200059701e-01,9.804670599034220890e-01
-1.636788670019721781e-01,9.219989608867755759e-01
5.368934105456012462e-01,-4.479108231420760866e-01
1.893522272762653724e+00,-8.124808666099987697e-02
1.461721466313579132e+00,-3.461259865156581239e-01
4.862505215706123263e-01,-3.608453321344811116e-01
-3.850258850979318970e-01,8.839822238276900945e-01
9.989532629838344668e-01,3.328211055140624652e-01
-4.693136743091118612e-01,8.272863924926532331e-01
6.001003200192910336e-01,-4.489308754625760955e-01
1.731824364129215699e+00,-2.511393209061890119e-01
-3.034742165070316092e-02,9.375722067156944117e-01
1.276477844678592710e+00,-5.354440466264001053e-01
1.051987095523568394e+00,8.949803543359009794e-02
-3.895679851322426113e-01,9.084861080332597982e-01
9.078914577645801343e-01,1.173288676679822840e-01
8.997840464911919245e-01,2.866817545316636684e-01
-2.288085535414102478e-01,9.238861923606078719e-01
-8.937502246170739850e-01,5.647596698069303756e-01
7.814656559895090115e-01,4.263082865125296106e-01
5.627372938145573933e-01,-3.128168281760805303e-01
3.115883935541546856e-03,1.083325328899537920e+00
-7.098166798449133674e-01,7.613533043924648469e-01
3.586944428445260069e-01,-3.337277115038253528e-01
2.471420950726171128e-01,-2.445407755370476444e-01
-9.949245699332646131e-01,1.360549174515355841e-01
-3.127053360932908199e-01,9.078368043711090296e-01
2.054633395596924483e+00,3.922616085728267699e-01
1.898388581074905712e+00,1.717027624286161513e-01
4.625582730936844134e-01,-3.599569528080896474e-01
-1.018000114209872020e+00,3.023814741176586440e-01
1.315001383097287757e+00,-4.183816443860405854e-01
2.492836299902443375e-01,-5.628072740557770598e-02
1.797682364192214610e-01,9.628505346105402651e-01
8.104631627585119624e-02,1.035786844210141444e+00
8.178022320396878264e-01,6.049657254172174925e-01
1.989665564331381642e+00,4.472120669843233642e-01
-1.987961308764874535e-01,9.009804901198271709e-01
6.786268501501040440e-01,7.815420496053357979e-01
7.362240712852724522e-01,6.506105273294517932e-01
4.927713411910312757e-01,8.592127437478132013e-01
3.048978486200615845e-01,-1.316011285576704215e-01
-9.213457278030852127e-01,3.875311223013326867e-01
1.839508233056389663e+00,1.254183485085064165e-01
7.559174234696632855e-01,-5.208500606697823443e-01
5.946263086586729696e-02,9.997389675235218709e-01
-7.996561071312432989e-02,8.691664104312997186e-01
-5.181334755636982092e-02,9.854244848448515670e-01
8.109541805819309168e-01,5.200479048430705076e-01
-1.006348034923081114e+00,4.891531687796633887e-02
2.935859422334720081e-01,-3.009852971085523188e-01
3.440352138093917267e-01,-1.717151599570782838e-01
2.031943163903742633e+00,2.929061398541092931e-01
1.121652486691442796e+00,-5.457529022625666748e-01
-1.708273377638574314e-02,9.192442990178496531e-01
-1.031449851335415335e+00,1.668475992559883825e-01
1.781617065975012792e+00,-4.941177166669294407e-02
7.102963023785672236e-01,-4.408685564621703801e-01
2.237090291406015619e-01,-1.700433062640607229e-01
2.092203629755818584e-01,-7.386241627287686018e-02
1.235934058755560949e+00,-4.886870313344477967e-01
1.059406948814839211e+00,5.806448302845753501e-02
7.752978666112461115e-01,6.969253696617714322e-01
-6.501729481775527786e-01,8.189440043155381543e-01
1.282319234352652382e-01,-9.255073472840666393e-02
-4.036828250672669371e-01,9.529147462966193194e-01
1.396876297063476491e+00,-3.477814491461089230e-01
1.289605905600562374e-01,9.508980018281344426e-01
1.713024906316500812e-02,3.786794194729686813e-01
-1.021325480642790051e+00,6.455123703565984750e-02
1.682144870654356916e+00,-2.111768200799016837e-01
2.050555271045051864e+00,4.313378736872556241e-01
-9.217465623281891896e-01,2.868312137038030174e-02
1.883699416320423037e+00,1.738550271450993445e-02
8.628271267988547599e-01,2.778268498114866425e-01
6.127845003675712610e-01,-4.106363570388322781e-01
5.427678762147616354e-01,-3.189203189919001535e-01
8.876131995591770574e-01,-5.103224240610169105e-01
-9.367611015391439366e-01,3.471980922158349747e-01
8.894771415563901273e-01,-4.834391302235157561e-01
1.380888156555069690e+00,-4.205965462246061826e-01
1.986394109229341898e-01,3.605118107606679334e-02
5.987205069855228157e-02,4.293342573896216652e-01
1.643297272445849444e+00,-1.154641653460464767e-01
1.260733197512660553e+00,-5.111832581016169108e-01
-9.493241954605813326e-01,2.791865366691597683e-01
-8.971403274658060756e-01,3.945544713886103283e-01
1.921950107973069866e+00,4.543711802785641019e-02
2.228126432803229640e-01,9.957194323008534687e-01
8.154923140463636866e-01,7.512896646254283439e-01
1.646352690894132609e+00,-2.701999997000402165e-01
5.207068931722649147e-02,9.666786055802494282e-01
1.976303678016918752e+00,9.497005060839382173e-02
8.002788931306191733e-01,-4.844348170119605612e-01
9.687950637531043130e-01,4.993866663701745923e-03
8.392226857650848526e-01,2.997923861158355852e-01
-9.754518930306386171e-01,4.517822848697564120e-01
6.220638948669954260e-01,8.212410837765294902e-01
2.033857352118227269e+00,4.012346519538069201e-01
9.855615245244629952e-01,-3.998973755290347598e-01
9.268581956104243735e-01,3.418159256498757848e-01
2.720897346126001648e-01,-1.840006638210875123e-01
9.329109894635527755e-01,1.820941929225767808e-01
9.049432999847436543e-01,5.963009688923834872e-01
2.858644743908772545e-01,-1.859549592354932668e-01
-8.321813887445562719e-01,4.860056257758201270e-01
1.166839004514904188e+00,-4.682079216632841212e-01
-1.118054236666862211e-01,4.416643205617913348e-01
-2.705211741416735372e-02,4.712197384457746940e-01
-5.948864458651502707e-01,7.765570280992991625e-01
8.772493132960765827e-01,-4.725915133884431296e-01
1.526079995863183769e-01,1.041738251160723300e-01
9.112833955415284848e-01,3.743422400033353803e-01
1.863550138864931149e+00,-1.010821180198030467e-01
3.309517209593267340e-01,-2.028303337882529922e-01
1.926092318714583307e+00,-5.752556417883480239e-02
1.499837368253260639e+00,-4.144000741978036140e-01
8.275024441956201349e-01,5.525260806968572691e-01
1.625514916238358865e+00,-2.252638908157263420e-01
1.582963224779875000e-01,-5.250345353422949946e-02
1.001380366933456001e+00,2.475287412933468711e-01
-8.196380883868085998e-02,9.749644717746339673e-01
1.982525758649114733e+00,4.373527164516560761e-01
1.977572297059234874e+00,5.859257909811582676e-02
-8.030022807445703625e-01,5.305839561038302454e-01
1.893702932717584053e+00,1.796068692619939844e-02
8.896328669082572693e-01,-5.135018115135865369e-01
9.522105334882173533e-03,1.039395097690657410e+00
1.657801448412362377e-01,-9.525743307255180037e-02
1.004979007785817613e+00,-5.003979293979713416e-01
-8.209861233675072034e-01,5.005811669080547643e-01
1.561418014684181899e-01,9.749165668108175087e-01
-6.015241294931646943e-01,8.022283268058638672e-01
3.674436994142920021e-01,-2.388694506781781635e-01
1.538977194320222619e+00,-3.206186934582599402e-01
4.631649401243090880e-01,-3.604098396064623344e-01
8.415168810539278565e-01,4.933948020130079493e-01
2.351857660995396171e-01,-2.367677405201923657e-01
4.117990596889441468e-01,8.808877300634965213e-01
-4.896575026870325642e-03,2.735553448333921112e-01
9.068951779047448314e-01,3.838364047300457660e-01
2.375332886579728242e-01,9.784940231009345846e-01
9.588538404898558909e-01,-5.300128807194004477e-01
1.271826246038311181e+00,-5.122739732090021425e-01
-6.048625085109639032e-01,9.189251355558615275e-01
7.505423877011977440e-01,-3.945960766485278604e-01
6.368423385680872517e-01,-4.232406455848004567e-01
1.568679149432891662e-01,1.088787643288391116e-01
7.460411839318994431e-01,7.163596513532430876e-01
4.654928559404952204e-01,-2.625610895617044305e-01
2.864158287618440851e-02,1.041280385520132912e+00
1.010796498932137882e-01,2.923735795334587717e-01
7.542979949854476326e-03,3.580919653675729841e-01
7.038698793936520870e-02,3.174430026092167068e-01
1.957952633043655188e+00,1.837487898000622899e-01
7.853529623522770287e-02,-5.212070837319119493e-02
1.175773300586056558e-01,1.040914405027582867e-01
2.052719796901179006e+00,3.707825100572903487e-01
9.938279545975213791e-01,4.019929439111336045e-02
7.370158248184596195e-01,-4.255353518963287396e-01
1.773238313657157006e+00,7.691571100141361694e-03
-5.366567116527164449e-01,8.145902559228249684e-01
1.842845470562010091e-02,4.022195885092140211e-01
-8.526304695677850987e-01,4.646532204857748427e-01
-8.233142554446404304e-01,5.637746935247521796e-01
8.794794219641850486e-01,-4.999721798509191295e-01
1.885335129172936164e-01,1.073844589151251583e+00
7.396465299832704066e-01,6.490522575704048558e-01
5.514876583558956380e-01,7.871552244108163121e-01
6.545350505121396711e-01,-5.244120301918404614e-01
-9.648304524100962398e-01,3.385243754251920922e-01
-1.158984075136332975e-01,1.031273896562956427e+00
1.029238598770369606e+00,2.525208990052600633e-02
2.977153337223055196e-01,-2.208176767884696967e-01
5.243908985261227507e-01,8.378475697717667758e-01
-8.131322412402671729e-01,5.797024075154887379e-01
-9.238475556271461553e-01,1.585279935217964731e-01
6.232449222951190748e-01,-4.426861108620872010e-01
3.454741460005582299e-02,3.350852670214573004e-01
1.828879073463551275e-01,9.996736345265461177e-01
1.714626628762770666e-02,9.902932916769308092e-01
1.744213379992909929e-01,-8.085475703634277533e-02
8.046314999730993511e-01,-4.068174790497005588e-01
1.099712037828793454e+00,-4.628653275687379942e-01
2.740975191026942537e-01,-1.429119848447765462e-01
-7.890941433702282071e-01,5.226347945769309611e-01
7.256483402078992562e-01,-5.760595736793476807e-01
-7.367276784594333217e-01,6.621896240575809722e-01
1.760093072736639730e+00,-1.660785411748655072e-01
3.421355604216231305e-01,-2.387267751129544535e-01
1.139156736236588419e+00,-5.427972917866115132e-01
7.539119772302528277e-01,7.846126743132747494e-01
-9.347752692147204279e-01,4.390870462461285983e-01
6.870113089945758533e-01,6.676907840023497132e-01
1.955767404503623741e+00,4.534194627985115300e-01
-7.996385399618138878e-01,5.906292304389936243e-01
-8.125419719679618513e-01,6.099346103893182880e-01
7.346858974934369346e-01,7.138930330486676912e-01
9.462199725243379822e-01,4.056142802370827916e-01
2.029299780061041947e+00,3.246994493389094294e-01
5.824648686495209615e-01,7.172073238943841300e-01
1.960576189326083352e+00,5.638398894319776034e-01
6.774997331220557195e-02,1.202721852555394544e-01
7.657175594083305281e-01,4.262173473616926445e-01
1.500930942576816030e+00,-2.306380963326591371e-01
5.288379604607553741e-01,8.255598614297402493e-01
-9.502240015612739565e-01,8.820375659971298188e-03
1.966126564765319884e+00,2.569349695535488309e-01
-8.873459828503675872e-01,3.427942252922722699e-01
1.803012070256242438e-01,-1.159298860684905702e-01
2.598146646624739375e-01,-3.426620194825901189e-01
1.024357104667922291e+00,-4.295906602790247053e-01
-9.604737826322206073e-01,2.986922251045783794e-01
2.040929518837829804e+00,4.243541420111327511e-01
9.849952390176720529e-01,-3.601306495905431948e-01
1.085092452104302163e+00,1.816099470437140262e-01
4.246191645858779506e-01,-3.109313351038017759e-01
6.745543189634737313e-01,7.674618922916138786e-01
-5.020899070110109719e-01,8.976668340675569846e-01
5.686543145077607164e-01,8.380441269351367461e-01
-7.316739751642528100e-01,5.954600696867583531e-01
9.032284985128303800e-01,4.005032878646762606e-01
5.021449912541373628e-01,8.013586091427611358e-01
6.276443682999730544e-01,-3.969065434806908210e-01
8.772992809889099686e-01,3.910695323988028736e-03
8.894873891152494938e-01,6.046604195431622975e-01
8.660104640322512370e-01,4.288264575725981853e-01
-8.988074436535056222e-01,1.177062921690536224e-01
1.977209690038750134e+00,3.845471479049150654e-01
1.923708736752371751e+00,1.307240868022812030e-01
9.109899538171351008e-02,2.168207799600115893e-01
7.689115973222241385e-01,5.670667812844091271e-01
6.553828317652512503e-01,7.500085514995923353e-01
1.793375657145634294e+00,-3.328946023259701792e-02
2.091397950982809562e-01,9.747692953474293986e-01
2.028680973985071301e+00,3.927135931921034717e-01
1.581745555025259709e+00,-2.091914543456419584e-01
9.525017281059621199e-01,2.759834311565333501e-02
6.448432058655318988e-01,-4.942019586084148153e-01
7.581074889081657053e-01,5.626424280375348363e-01
-7.249711749046764409e-01,7.869932026809459691e-01
-6.923082264121062090e-01,8.201987368272470880e-01
1.446806673624962514e+00,-3.950234614081985507e-01
-9.916242886691175595e-01,4.428524848230104560e-02
2.336741055890883823e-01,1.026689492265825843e+00
-8.147752595782842278e-01,7.279769133532580927e-01
9.807255804766823459e-01,4.944932886066183420e-01
-9.911385050863161794e-01,3.464787678037255514e-01
-1.041929094761500085e+00,3.565747581354403728e-01
9.309362700630621767e-02,3.353952228374836309e-01
3.307697757050963583e-01,-2.909710424916638893e-01
8.719511111483885246e-02,1.230975398634098911e-01
1.526964806786846429e+00,-3.828764553311315710e-01
8.681501575454625419e-01,6.021580048430168475e-01
5.409635807387382922e-01,7.819927763233150975e-01
1.391004073827369458e+00,-4.133354977857606194e-01
1.700709851175466747e-01,-6.926195586005606808e-02
-5.725130223605068291e-01,8.511396120220603434e-01
1.779729275560267165e+00,-1.289178421192058721e-01
1.044835414889402125e+00,1.596126268924437930e-01
3.435823628269619179e-01,-2.545841688224260713e-01
-2.720097094282127870e-01,9.185101212168418350e-01
4.654995269400229174e-02,2.686948918929702446e-01
4.206146228008915411e-02,2.440297148420054463e-01
-2.835917870193624402e-01,9.248590536832160813e-01
-6.971021638709499202e-01,6.682074133532374116e-01
6.315222829966251616e-01,-3.930737014518628225e-01
2.001195378752140375e+00,1.025637602572554707e-01
4.800029993740915213e-01,-2.441834115511946068e-01
1.425089051768544834e+00,-4.040372898977698801e-01
-9.986785751482014639e-01,8.320705807492875805e-03
-1.060278916512828573e+00,3.249913654029082388e-02
-3.033934476255700785e-02,1.006853582534709801e+00
6.570221569188252619e-01,-4.647007471887324437e-01
4.976893627619194405e-01,-2.276554111056414698e-01
8.970101815700507464e-01,4.706784598473559011e-01
-5.633976413758623458e-04,4.673601540699108270e-01
1.124914767077523248e+00,-4.196250043724296663e-01
1.981239265222878521e+00,3.005491501687542200e-01
-2.733418499378021949e-01,9.562793297617555588e-01
1.044472255569523639e-01,4.273594955330869971e-02
-1.617389246540326328e-02,1.018397405391004096e+00
1.289610307426002356e+00,-4.118377041800125871e-01
1.769353064297128020e+00,-1.267009639361035278e-01
1.829770329715638133e-01,-1.903885810993290184e-02
6.555610181081359400e-01,7.382732964589235891e-01
-4.175969849316882310e-01,9.803932607072869398e-01
8.522185079082360559e-01,-5.470689916178628209e-01
-6.733557581558318184e-01,7.462485175613166044e-01
1.545564790370393293e+00,-3.876317932237753894e-01
1.332834691497955637e+00,-4.916580595289018474e-01
5.821812972577169454e-01,8.223196766655810341e-01
1.673978589434947706e+00,-2.721674222177278835e-01
1.977582968924223028e+00,2.170929147476291510e-01
4.006499145478336632e-01,-3.758348275831011609e-01
4.966719081110483325e-01,-4.029716979902454033e-01
1.800427486406705135e+00,-1.344739182241678210e-01
-6.130517233464028992e-01,6.995324372664560864e-01
1.443242040982043006e+00,-3.846514579371986819e-01
1.756296741358879698e+00,-1.780118509072370347e-01
1.750373860120387537e+00,-1.671929017812067708e-01
1.769999666645505787e+00,-1.463458283009777816e-01
8.720524614730847945e-01,-4.238358870932341649e-01
1.372719631049845734e+00,-4.261783363135628333e-01
-1.013276296458789583e+00,1.538673822024259202e-02
1.616558246271931232e+00,-2.350538694280711605e-01
1.774411225230561884e-01,8.238821837133530890e-02
4.546860766731066206e-01,-3.470908333478935903e-01
1.795881070909166155e+00,-1.857726667406652543e-01
7.138809784546407133e-01,6.989607153020743757e-01
-2.080212829500854288e-01,1.071219615159436422e+00
5.585060732246789339e-01,8.267467185964286758e-01
1.875322445210834355e+00,-1.363872084156288883e-02
3.450355071757136849e-01,9.070951882924042087e-01
-9.101663981893448607e-01,2.632849143298545136e-01
-8.862935771937886509e-01,4.521908138807893551e-01
9.964163656674780434e-01,-5.464529505947050003e-01
1.451989080352192429e+00,-3.453181562590488252e-01
7.097938371370604571e-01,8.789358291358069231e-01
1.401118120926233335e+00,-4.344117002969495323e-01
1.410719708798656269e+00,-3.706502729032740695e-01
2.046089297115873062e+00,4.608004530509286489e-01
9.585739708910475665e-01,4.239208475752241356e-01
-7.494070292084883955e-02,9.894182716194735994e-01
4.582404757849266597e-01,9.282666394042167202e-01
3.416077191828149617e-01,9.036386805665284072e-01
-8.485486932635520896e-01,5.923862751766315604e-01
-1.829178621710220720e-01,1.051634131134492334e+00
1.945561669281199446e-01,-1.500725409327958171e-01
2.507381778491196700e-02,4.529148248075594990e-02
-9.724178051697076608e-01,1.878543809543794241e-01
3.345094709892580953e-01,9.368348956447096754e-01
1.758597914794599815e+00,5.793792818850851400e-02
9.618074834599140699e-01,3.731850901507042795e-01
4.117974779318450129e-01,-3.437667211817052038e-01
1.945920804698853646e+00,3.269928074354904735e-01
1.806964282665652899e+00,7.147092206855609753e-04
9.701178945409069110e-01,2.006954978005258683e-01
2.630749381492626937e-01,9.670635238847996584e-01
9.592079670093522914e-01,4.409735770871795468e-01
2.004026628382669095e+00,3.151715116193697930e-01
-4.056259936561900092e-01,9.060857210053196997e-01
9.643188064981748076e-01,3.591077082070410209e-01
7.630820311891770569e-01,6.795209922284499715e-01
-6.529810743913408988e-01,8.318191671326471415e-01
-1.013260339651459896e+00,5.928493207231028128e-02
8.904883242922918551e-01,2.983970204322193842e-01
1.922013371695221240e+00,3.323883769351095724e-02
1.114998397745409875e+00,9.739379914449811104e-02
-9.783494545453488289e-01,4.459350276201083929e-01
3.861091573827828416e-01,-1.877728302577822972e-01
1.456798943753665698e+00,-3.872549704439119389e-01
5.353492535110855322e-01,-3.400202912281958811e-01
7.777971063573674293e-01,-4.410889680813282476e-01
-9.014966638463741688e-01,3.666648348684938830e-01
3.071380944990340089e-01,-1.888646411925714030e-01
-4.419521690211258846e-03,1.066865936075945154e+00
-5.321941446606335280e-01,8.433951286123539948e-01
-6.965889460884171491e-01,7.349695793502226682e-01
1.906650276914040321e+00,1.525568989092685457e-01
5.691902184668927722e-01,-4.486914145567605372e-01
1.718103483210522420e+00,-1.361562615476762939e-01
-3.849720831244072827e-01,9.216753888191689947e-01
8.238646075057785012e-01,6.659810831909200868e-01
1.828961040982345576e+00,1.486317124432767756e-02
9.231722827031101364e-01,4.688305489214307786e-01
1.853935857862058167e+00,-1.534633010372787321e-01
1.271419583274426168e+00,-4.887780644199808955e-01
-4.531092147099162748e-01,8.929000882407178707e-01
-4.809853033000951461e-01,8.400304629368674503e-01
1.492961935756164094e+00,-2.692934698412274286e-01
1.381758677686400483e-01,1.012296881022138217e+00
1.524974374988689707e+00,-3.453760893649612251e-01
1.843500827399324971e+00,-7.885992394931445881e-02
5.369514218575950348e-01,-4.831861497627470969e-01
8.978721963878021350e-01,3.620970768281860375e-01
1.931503756470875910e+00,3.029896443215032154e-01
1.900105209949404017e+00,3.976901288897265463e-01
1.069363136201874204e-01,-2.478921549314204442e-02
5.230504827032834703e-01,9.300273522629702860e-01
4.157157575331839605e-01,8.739659828744221759e-01
-9.399387339069444902e-01,3.900829150318259608e-01
1.000924107730031265e+00,2.280667861728927770e-01
4.368701375287688954e-02,1.869284722593736459e-01
2.032441637642537380e+00,2.088253176212353790e-01
-7.678663177667405249e-01,6.601978692761829581e-01
6.576009683748302859e-01,7.483981998717182949e-01
1.368869258070182005e+00,-5.247425997865948766e-01
1.977891984327443398e+00,3.420937804160295581e-01
7.050469697204557740e-01,-4.322948852413592280e-01
8.371179915314527209e-01,-4.827605580186833389e-01
1.890681867296579277e+00,-1.290449578593561020e-03
1.578299892509898161e-01,9.648581872990310560e-01
8.250776435286730770e-01,-4.085607682036324073e-01
6.869707050632332113e-01,-4.564933974980324716e-01
1.939591218371395698e+00,1.312239698698489943e-01
8.522073501262870110e-01,-4.633703057340315401e-01
-3.093962385338911991e-01,9.958522080332742332e-01
7.332686242909882690e-01,8.175141123856419778e-01
-7.336886503198384313e-01,7.514155521632118750e-01
1.551056661138299653e+00,-3.536950811895701596e-01
1.887116807706504806e-01,9.916299157347053805e-01
1.909801439639273735e+00,2.935018915252651794e-01
7.077982320180820075e-01,-4.816102242781716836e-01
1.148019579797598666e-01,1.295122770976248061e-02
-9.157383401735930128e-01,5.879948367326608416e-01
9.481345600848667399e-01,-5.999453717381615647e-02
-2.659298923311683716e-01,1.007422170188242871e+00
1.007828717955246700e-01,9.804882127676617376e-01
8.833763517334614068e-01,5.290978457354138520e-01
-9.847798744627974665e-01,1.598868826391426357e-01
1.013895114111294404e+00,5.615082030578628230e-02
-3.029322293291385193e-02,3.264543533069490522e-01
-5.289171937860195905e-02,5.041099011253376005e-01
9.261096285046838128e-01,3.195675894812358142e-01
1.931079595061346632e+00,2.309427363794905319e-01
6.739520020593240401e-01,8.056336965524820704e-01
2.145697819800067851e-01,-1.860948910075246876e-02
1.820215168236446246e+00,3.342944261407490569e-02
6.894006963752473405e-02,1.027579217883453966e+00
9.785252316247690096e-01,1.689594805285426771e-01
5.607989305633559463e-01,-3.761065556623564565e-01
9.189284503667807802e-02,1.016640585126911134e+00
2.127735021390543824e-01,8.866177350643338062e-02
3.518748624692071003e-02,3.902286420798504740e-01
-5.467914088716799847e-01,7.749425085955844450e-01
3.059549114035381434e-02,1.736188287396680241e-01
4.478262312457743088e-01,-2.737188967934533479e-01
-2.637964090307816090e-01,9.737553651894850226e-01
4.631939031597696599e-01,-3.449045644564123769e-01
-8.649219357969394339e-01,5.574420791897956029e-01
9.920148285671814836e-01,-5.475198449479322660e-01
1.839535650373037567e+00,-1.396272993492220400e-02
8.841731641455531365e-01,4.460579248392773088e-01
7.144949381281262557e-01,-3.513023067961246193e-01
1.750584327043533062e+00,-8.510177937234775225e-02
-1.015864601950907220e+00,1.792601163291909494e-01
1.837670454117613095e-01,9.374951450657810215e-01
9.422911898262773533e-01,2.652445856741785235e-01
3.889944639533532422e-01,9.652892188526939199e-01
3.332247989930144372e-01,-2.007422219652003625e-01
-1.069253417798616157e+00,1.145632747170131083e-01
-1.004283499122771151e+00,4.445845996788503479e-02
6.783687138439986608e-01,7.142537326779790918e-01
3.593825719833247945e-01,-2.823882713581361559e-01
-7.631283021478597606e-01,6.558226091083863007e-01
-5.656695173869876747e-01,8.272474824421107709e-01
1.844026606772969146e+00,3.069626842893823787e-02
1.256754881934019075e+00,-4.835892033960303982e-01
-7.142343807794504507e-01,7.279204746970794337e-01
7.570449788158268856e-01,-4.548455935951131179e-01
1.056737695493428636e-01,3.263302712974880948e-01
-1.234837443003564961e-01,1.003744684532527520e+00
6.269484749777579635e-01,7.427854936175277700e-01
8.695719052492616452e-01,3.936625376486749261e-01
-1.264390279722270999e-02,9.974071400082010763e-01
2.875221998774383225e-01,1.103853181861396138e+00
1.904496680328998881e+00,7.375263038893711820e-02
1.021527023361001874e+00,1.140321560057971362e-01
7.988990389837051787e-01,-3.830420727425389860e-01
-2.720510881863573149e-01,9.758959452532208756e-01
6.065688848848191927e-01,8.215576424764895469e-01
-1.039555051048112633e+00,2.696354853572299759e-01
1.870303310697259302e+00,6.070306244679090496e-03
1.593011901345646519e+00,-2.833099805096499502e-01
1.927030660741732015e+00,2.909020244458416227e-01
1.436408943880224776e+00,-3.490705070393677611e-01
2.600557328142857338e-01,-1.579342508213730789e-01
1.285642827730369753e+00,-5.828082106976072430e-01
9.999933609692971404e-01,1.341776655223119175e-01
-7.781277501820115239e-01,5.775074578874985765e-01
1.404065217589465453e+00,-3.739467298698987419e-01
-3.874642329582971279e-01,9.338083862198137686e-01
1.381474987333001225e+00,-3.906261861440195049e-01
2.850671556568622478e-01,-2.080359438231563218e-01
2.611835771583047028e-01,1.001562618659106896e+00
-8.847161429611682948e-01,1.783407057141133678e-01
1.837344373094128791e+00,6.747943663366129385e-02
6.221629185722373639e-02,3.250760455314052888e-02
9.403406942117617517e-02,1.298107979279647384e-02
6.055374124337203900e-01,7.061840632853781941e-01
9.057360195545026693e-01,4.379764636807922940e-01
1.381542288397398899e+00,-4.036485500762424516e-01
2.035876997301355740e+00,3.745982172756767148e-01
9.906185133149482125e-01,2.800903096051087227e-01
9.691823079337427149e-01,3.288394066321308207e-02
1.681090321921893782e+00,-1.867663949394475220e-01
3.725251361518945592e-02,2.923459089595540350e-01
1.626389806735236254e+00,-2.476574975960445235e-01
-9.407768019500333256e-01,4.323879424111035652e-01
7.047599293472562865e-01,7.761016397283759805e-01
-1.024609840378480019e+00,2.168066803314993296e-01
1.635728105379615216e-01,-1.869422654319603805e-01
1.927956437424607872e+00,2.686960816716312261e-01
1.735926986377061554e-01,1.097040530808601616e-01
-9.446566059827703477e-01,3.517653477959987174e-01
1.235665779689618882e+00,-4.304234859193195595e-01
8.936829104245085087e-02,2.959315621348169167e-01
7.947459715526396240e-02,5.096254427732778147e-01
1.935238435801541201e-01,1.055341172371285996e+00
9.085670565646835062e-01,3.622864876938638456e-01
7.893761433653433135e-02,1.118541074387128020e+00
1.855735021537888940e+00,1.365342683500714860e-01
1.138380580810800069e+00,-5.107367354806535698e-01
1.019915346182290961e+00,-5.100439548435196091e-01
1.231574570484645026e+00,-4.583657671147642887e-01
9.490025033933345844e-01,-4.513876534010894392e-01
3.870636567681143836e-01,-2.585700708446296847e-01
-3.900153876300416211e-01,9.219711098454910214e-01
7.910445258632373688e-01,-4.763937490371879524e-01
9.007221724507595839e-01,2.913470605850430051e-01
7.994756754297228651e-01,6.224194144313849320e-01
6.371968756242238907e-01,-4.046064932673703041e-01
1.905073943349331778e+00,2.687201956625278054e-01
6.267945865904834823e-01,8.347904396211695000e-01
4.642636170029608156e-01,8.973385449494801769e-01
1.757120413686998894e-01,-1.277321162243790220e-01
6.549633053419221529e-01,-4.823768697431930486e-01
1.934711729980670869e+00,2.059756504281076150e-01
1.068432476058392977e+00,4.786754262452765779e-02
1.901159150245864460e+00,1.786925213085571729e-03
2.234097619195529738e-01,-3.909816309549531133e-02
2.020512537040434875e+00,4.260775074421382924e-01
-6.828371821926955409e-02,4.339244799345170489e-01
1.238376065188151021e+00,-4.904415747002821013e-01
-3.178720116170497545e-01,9.594808343987182297e-01
1.048041338106103559e+00,2.681171345536321193e-01
3.782564939945017302e-01,-3.539679113220049467e-01
-9.481583588953169661e-01,4.302356711722445104e-02
9.665579067619309850e-01,1.428287280983974172e-01
2.072705469953097512e-01,-1.324775169350587978e-01
-9.175782803213253791e-01,1.848345760865137410e-01
6.169843977975378868e-01,-3.319813270827511320e-01
9.916208283081595631e-01,1.444748696465464333e-01
9.211622672326590378e-01,4.876606244129730316e-01
-4.898473268311955842e-01,8.455403195299502350e-01
-1.981821703824135639e-01,8.368330495350150278e-01
2.022100260818325168e+00,2.074361072640857340e-01
1.546546753129495855e+00,-2.353147871752791498e-01
1.798859201316934886e+00,-1.432295675796836365e-01
1.972045874374350305e+00,2.563208780115982521e-01
-2.460399626385851302e-01,1.036594264364221640e+00
1.229997815308349063e+00,-4.551561328685744812e-01
-7.234900218486169932e-01,7.005249541622735610e-01
5.171162075884883080e-01,9.584173225177752276e-01
8.662562808394153047e-02,1.765676502258202996e-01
3.342782721770057308e-02,3.577179428915046033e-01
7.983055962740305267e-01,6.693272405127019820e-01
3.670820352796010377e-01,8.894924942015220992e-01
7.666055845122164980e-01,5.870967365987579401e-01
-9.703598605862520099e-01,2.637816700212337606e-01
1.181469365800209281e-01,6.303566257188014665e-02
1.804232628102548364e-01,-4.007552014601195589e-02
8.977692291083044784e-01,5.195366455948061679e-01
-8.447253153318730057e-01,6.688479969446148310e-01
-1.395413134623292306e-01,9.879556456194829028e-01
4.570580714948606627e-01,9.117859523000060307e-01
-5.055118758429592019e-01,8.487365077205133446e-01
-5.963373829990760155e-01,8.089746540028145416e-01
1.823670218939226650e+00,-2.113574056943431645e-01
1.685662832671913192e+00,-2.627137197640384558e-01
-8.501086592084841076e-01,5.776714467152633814e-01
9.100700114289397291e-01,4.204703500163978758e-01
1.048227349397697905e+00,-4.987248970735645992e-01
3.439580021683275590e-01,9.592998337584001112e-01
1.815636554589111218e-01,8.309743717312290112e-02
7.274665136871639737e-01,7.106341435957398422e-01
-4.921457910806633640e-01,8.839458731714345818e-01
-4.166966324860908386e-03,4.010925891999582160e-01
4.940190166804024341e-01,-3.868880016901346530e-01
9.541128231785358516e-01,-5.433572423493082670e-01
-4.091686396783232316e-01,9.253375862843712385e-01
2.137372011021113072e-02,1.670037056195110559e-01
-9.296760844529485812e-01,2.330381919562773685e-01
4.928623781481095145e-02,4.525777138125723353e-01
-9.109164226094210726e-01,4.937421547401926736e-01
3.520982092227060711e-01,-2.306533461828766673e-01
8.416330305042726279e-01,6.013334662163524191e-01
7.753754764159989654e-02,4.282845640384820851e-01
9.874885843217484638e-01,8.063469044918372686e-02
8.534510512249676717e-01,-4.239344084890380171e-01
3.483006646815488550e-01,-2.612647341170268867e-01
-4.608292665691501866e-01,8.775393763991292673e-01
-4.434169846947516036e-01,8.915301428212456525e-01
1.536472300875536545e+00,-4.039315289884729543e-01
1.062333738798957039e-01,2.119753979977647140e-01
-6.658244771003363205e-02,9.292834734445140077e-01
1.891040133812672108e+00,-2.156666129927141129e-01
3.331512851614909509e-01,9.257876580022390556e-01
-7.903082878486193952e-01,6.241337281357522970e-01
-8.513192866269831960e-01,3.743855511428741401e-01
-4.885636813689826080e-02,5.268894049459273976e-01
9.025701952836899800e-01,-4.628370947171564498e-01
-1.037240609755686049e-01,1.086608870153293882e+00
1.999501584851097968e+00,9.005239369677149608e-02
4.361793795873227797e-01,-4.050938537419010443e-01
8.302518344693129437e-01,5.279954507059961832e-01
-1.126234234122779065e-02,1.794643288978617079e-01
1.429128502776330079e+00,-2.813401570337130675e-01
9.145743408594753099e-01,1.997053022013225987e-02
1.932268906114986348e-02,9.540672160834681170e-01
2.032424963836268361e+00,3.966318862188270566e-01
5.465877842668448450e-01,-2.891281473862770124e-01
-8.499528702132401747e-01,4.923289485061270176e-01
1.596923683836210195e+00,-2.622431330622099210e-01
-2.399545474318168919e-02,1.062094651141925139e+00
1.574361678178076041e+00,-2.992101241718411186e-01
1.176858542112795059e+00,-5.117405819403343381e-01
1.102000992362486498e+00,-3.700217838099991163e-01
4.617908257520635940e-01,9.364719939156466166e-01
-2.764476870985771995e-01,9.336057439505331956e-01
8.284759519577190590e-01,4.277257450599606381e-01
4.780536578490313104e-02,7.713920003699856198e-02
1.419560429899604292e+00,-3.057532131566980116e-01
5.900170174001561074e-01,-4.366243001881086050e-01
2.005132807380922699e+00,3.684512816976084904e-01
5.220544438370782192e-01,-3.668062692184140827e-01
2.126918203834891052e-01,-2.391528398738056449e-01
5.243824651077507726e-01,7.754189098315598105e-01
-3.843754090648936472e-01,8.569958795801441154e-01
-3.116107517450257824e-01,9.102079760078172210e-01
1.138380918198563796e+00,-5.431428350892176793e-01
2.321078100944357903e-01,-1.244819849533162770e-01
6.744307197089567663e-02,3.344198557062187382e-01
4.991278168563044737e-01,-3.431400164809917941e-01
1.388528580158001624e+00,-4.584835341984696000e-01
-6.189167176426215722e-01,7.824099588596282739e-01
1.370726256529317899e+00,-3.051083560588278565e-01
1.715838678304625109e+00,-2.285667145398344868e-01
-1.187317733742643960e-01,4.840502898486058192e-01
-4.028229906168731556e-01,9.353616129992129435e-01
4.113669126779377905e-01,-1.703356652361196488e-01
8.896246521939008001e-02,-1.588891203927647600e-02
-6.290443430117166612e-02,3.468202020058194224e-01
-6.013289374217449801e-01,9.381966598640005817e-01
2.020495916917788848e-01,-2.198486535479098058e-01
2.041370646222500529e+00,4.406859229803290479e-01
9.277054277496838974e-01,3.607338717463785538e-01
3.399490677835589891e-02,5.659091074392538223e-01
3.141513033227094631e-01,-2.934921543809785871e-01
1.032330748118177821e+00,-5.410094424664893542e-02
4.503376663504724542e-01,7.767769365280310367e-01
-1.019456581953636087e+00,2.019640138598881307e-01
-3.973965223560783633e-01,8.996064118800696230e-01
6.848047738271947349e-01,6.317966279550117914e-01
-2.860363498422248685e-01,9.426771100470536791e-01
5.202054651526650808e-01,-3.382604353061586799e-01
3.862663474743701086e-01,9.441913331869480341e-01
-9.585128697017615274e-01,9.867164616991273840e-02
6.741771217675622541e-02,4.696758529772729895e-01
7.830494333243610550e-01,-4.382121848414111676e-01
-9.044457893535718940e-01,6.477555646199587569e-01
8.761785648365214008e-02,2.472202298540847332e-01
8.992782789613312788e-01,4.274702458040425257e-01
8.419964381827221844e-01,5.812651343252387415e-01
4.044366821440782689e-02,1.018470077643359950e+00
1.394216649395884300e+00,-4.235019849200086783e-01
4.409017193351414399e-01,9.380470549818792358e-01
1.753845922875384433e+00,-1.652687826046068675e-01
4.830963578439401163e-01,-2.580393935487623192e-01
1.032382011289163071e+00,3.408529454368940392e-01
-5.912914805920381767e-01,7.518237192157252169e-01
2.247813910387350955e-01,1.537295605148784883e-02
8.187687449571112719e-01,5.581931109500064547e-01
-1.288904189493223773e-01,9.800099223530682746e-01
-4.936741207984970403e-01,8.278419051314721555e-01
3.738837747649780829e-01,-3.056764541166627769e-01
3.809554651401440006e-01,9.912167814826475798e-01
1.058632089659545361e+00,-4.377348440125020113e-01
-1.803977036423933672e-02,1.112365196774627529e+00
-1.033259473295413955e-01,1.030397083174889428e+00
8.205033210831822466e-01,7.526832855246031739e-01
-1.024360620712464476e+00,3.976870457461662706e-02
7.426585159367662947e-02,3.345146483247078417e-01
-5.074319810788815444e-01,7.442044629018578217e-01
1.031488258234801947e+00,-4.576058682110124565e-01
2.565113214136117703e-01,9.810792095054587936e-01
1.161107575167849904e+00,-4.413749695857883126e-01
-3.417784508784252884e-01,8.996650715037880497e-01
1.017114159592251044e+00,5.065374350166930162e-01
9.646319720613408810e-01,-5.349106632223015190e-01
3.179807770170939296e-01,9.537360126321217102e-01
-2.923293481930039350e-02,1.407584880885724421e-01
7.994283786105975675e-01,6.249038482660158600e-01
9.589630331703820065e-01,1.596929086127203135e-01
1.946801668212805037e-01,8.529805125378563391e-01
2.195310601328852827e-03,3.281279062288697257e-01
-2.381134782348418716e-02,2.939909137244318127e-01
-7.099603972518450101e-01,7.277910298938790046e-01
1.803955099700688347e+00,1.928912988997760203e-01
9.717984677197237797e-01,-4.339872209677986814e-01
3.368790904844539691e-01,9.424136032628538384e-01
9.412554146303053759e-01,3.254893884638272727e-02
1.025119019139134890e-01,-5.776087399109205989e-02
1.986498359088405996e+00,3.624593367071381467e-01
4.265594094066205155e-01,-2.256725326925837494e-01
8.833362237522998095e-01,-4.494255480052437579e-01
1.713522623678103152e-01,9.148354831057128322e-01
6.881712631736492947e-01,7.177665305715094091e-01
1.774820504809366817e-01,-8.980497050701308215e-02
6.570738816132338789e-01,7.915095551142012908e-01
9.743116352619062281e-01,1.853565371861111422e-02
1.360918944883833914e+00,-3.592570241689593269e-01
1.866673629555661629e+00,-1.249854213204626766e-02
1.864390226529937689e+00,1.279565718634052829e-01
1.384890158604513921e+00,-4.510604852692330358e-01
-5.196189262856452107e-01,8.036314386331046000e-01
1.344928812042215371e+00,-3.870121856862326348e-01
9.820151417759226398e-01,3.722826484973147387e-01
4.589081389325239679e-01,-3.957780501858279565e-01
5.598926545990740022e-01,-3.924693025976491167e-01
1.813008122859613769e+00,-1.422096681202697499e-01
1.155629983726884774e-01,1.112028463711638715e-01
-7.135207207135663143e-01,7.374898001558461980e-01
7.316071206796740389e-01,6.784729776105985488e-01
5.267954622006382898e-02,6.387135161442439313e-02
1.069885715307090202e+00,-4.750829507602281621e-01
-1.022652125384773347e+00,1.729137019691700528e-01
-5.416125566948292169e-01,8.182100609744128450e-01
1.660040470833829440e+00,-2.959748335845701073e-01
9.550497389107867052e-01,2.194752528940773217e-01
9.338759355721312216e-01,2.704541629552290605e-01
-2.493138384991763490e-01,8.884843042116159495e-01
-3.217175986513403502e-02,9.794655233290252561e-01
6.858142729895891354e-02,2.135347899707932540e-01
1.038154565185192890e+00,3.194744640052869511e-01
1.069637885003877215e-01,1.648116613571108946e-01
1.116426063445705857e-01,2.215012543149569857e-01
-5.048970026422771457e-02,3.989539153008465067e-01
3.031276912436188242e-01,9.036671164781662213e-01
9.673233014387577766e-03,3.585055986537177830e-01
1.423776048528341054e+00,-4.002554913382874169e-01
1.838004302617559205e+00,-1.974159586113327994e-02
-2.592981304500165951e-01,1.017756128664085047e+00
8.775134019137246222e-01,-5.554943590007022092e-01
-2.285323338661498782e-01,9.423526018591986686e-01
2.409738115907516520e-01,-1.455117087423530575e-01
2.970931268334096598e-01,-2.437801971846702831e-01
2.047283753433248032e-01,-9.482323095827346893e-02
-5.315085847765125271e-01,6.516313582469637211e-01
-1.852938416731618188e-01,1.009599120958668106e+00
1.812969907145555393e+00,-1.219425751999371615e-01
-5.401277297014965839e-01,7.798270718718788297e-01
4.721776810092352950e-01,9.561804472341250971e-01
9.247778420255189924e-02,3.581840180062433876e-01
1.634665299075266365e+00,-2.200914678704218586e-01
8.778652007231156906e-01,4.215840125789291348e-01
9.232660892583869350e-01,-4.319822386095980016e-01
2.019962684055883528e+00,5.106240610381020950e-01
2.184529764591108120e-02,3.132068177866034198e-01
1.125618606374173131e-01,9.630908208292898731e-01
6.817619914077248655e-01,7.655215200151108679e-01
-2.884432366166707618e-01,9.965204668521044917e-01
8.845275742722609469e-02,1.002675625427593697e+00
-2.194270679584102157e-01,1.030779258971777246e+00
-8.465752416589358287e-01,5.397724038367162080e-01
1.395138922273892135e+00,-5.044096770563897270e-01
9.174966612807755606e-03,1.785033193039516630e-01
8.741856722427047144e-01,4.436513507269190804e-01
-1.768164826154617342e-01,1.054060693477491872e+00
-6.198723931311742597e-01,9.071357502836349118e-01
2.009825350672648447e+00,3.625010495250032827e-01
-9.002462743801684653e-01,2.278624572829358319e-01
1.844892476372309020e-01,1.072688730794558509e+00
4.583761862520707719e-01,-2.828944444615433262e-01
1.171890593813524228e+00,-4.962326298174689065e-01
1.964016319993873827e+00,1.750511656305314689e-01
-5.044995212446418825e-02,9.504087581439406573e-01
1.882221329613603111e-01,9.886066917974564161e-01
8.390425481787594508e-02,7.680874035577157921e-02
1.833199032295890651e+00,-2.493788405427150787e-02
-8.276478008452196056e-01,6.143114162147558233e-01
8.732933885137510455e-01,-4.839676847072340027e-01
1.744541784295334796e+00,-1.171404738164111836e-01
1.542071059946402256e+00,-3.396046286005388604e-01
-6.325992150495227673e-01,8.537061842008550894e-01
9.339501658712943133e-01,5.905019487804975542e-01
1.161484759689093371e+00,-5.144336993900627819e-01
1.997366285763765736e+00,3.663198267738398961e-01
1.054745725517689303e+00,7.219631273640375602e-02
-1.017143864803960351e+00,1.693326940486929166e-01
-2.672435377572717624e-02,3.109220746858381013e-01
2.668849787285109687e-01,-5.965189556605375587e-02
-7.151262557312504375e-02,9.765620608335077169e-01
6.530400924289871956e-01,7.156561400095100556e-01
1.999193977394836397e+00,3.726598199561177993e-01
5.493943036311198930e-02,5.194699363539043713e-01
-5.229525088300535085e-01,9.278075919600733412e-01
3.952668749490625966e-01,8.675784734282343535e-01
1.610096431735828226e-01,9.863218749761446524e-01
1.420155514347748005e+00,-4.140068710308257294e-01
-1.480957267076335113e-02,4.502260202059479299e-01
1.556547131622877167e+00,-3.143724738520523587e-01
9.809418201164917805e-01,2.264755743156119938e-01
2.618513469760408441e-01,-3.060635063069562234e-01
8.444907019712922791e-01,4.202658955886192649e-01
1.967384113519458078e+00,2.002235496689046823e-01
-4.911347911476622863e-01,9.546931207024916821e-01
3.120915718795456151e-01,-1.464739652194391173e-01
4.052875254149150841e-01,9.724776753245658600e-01
8.760391565567372529e-01,3.266100529529574192e-01
-9.046976458514391917e-01,2.002479635421540449e-01
1.026511284458349493e+00,-5.280399932930733842e-01
7.123510675762995126e-01,6.910082843019184073e-01
1.158421049949973858e+00,-5.303734837138426306e-01
-5.111423490273645509e-01,9.124323808875354214e-01
-1.029205895040207874e+00,1.303242646639912738e-01
-5.454899847201333252e-01,8.008156312371156327e-01
2.003792255246051202e+00,4.066410504222994216e-01
-9.633411201221289133e-01,-2.397141144959855086e-03
-6.792862379677617746e-01,7.674963328711303934e-01
1.342925424631025599e+00,-4.524855067798161934e-01
1.005140428859787188e-01,8.658326257902755618e-02
8.350799706605935846e-01,-4.786423191877300920e-01
1.662769323847451908e+00,-2.172018570573144292e-01
9.586164428240866175e-02,3.124850017710075201e-01
2.535217595335447216e-01,9.556364613424297438e-01
-5.805520541485060804e-01,8.016969183196678284e-01
-1.496351578933754860e-02,4.874333869922000684e-01
9.401726093946383145e-01,-4.618420228506660563e-01
2.914454277694632500e-01,9.814318960862942198e-01
1.578743302713239149e+00,-3.971453538383052928e-01
2.055929714443333278e+00,4.869278676951406259e-01
9.160826853828013538e-02,9.741460951465350515e-01
6.922304840576640750e-01,7.718188764044782157e-01
3.472210658343264922e-01,9.496129042297896117e-01
1.213096397800872833e-01,-1.831822738757913488e-02
-8.866099951031302107e-01,5.143082948493110651e-01
-9.808844511126008081e-01,2.944178149564721791e-01
-8.202302046482968789e-01,5.449040038471745229e-01
8.572165497632847631e-01,4.822591630604475821e-01
4.584888848617687529e-01,8.665296712597193585e-01
1.855240461688296483e+00,2.069035203202655715e-02
1.258642420961235242e+00,-5.065231345696700194e-01
4.989138921287564754e-01,-3.630018484546556623e-01
1.899353917439223105e+00,1.516937441135732256e-01
1.147264805151008593e+00,-4.574698056434415849e-01
2.003741530773482271e+00,4.169096736522260316e-01
-9.950126354896305925e-01,3.371341321837942884e-01
7.111167797878803487e-01,7.043367342698535483e-01
1.442487390619177967e+00,-5.194513929928391560e-01
-2.512821125386585641e-01,9.806369280496329832e-01
1.762139779843430176e+00,8.623786538403094282e-02
-7.114172113103337525e-01,6.936609360619158116e-01
1.197198542412110100e+00,-5.232132229917746402e-01
-9.380859199515195757e-01,4.410666307678350884e-01
9.559655642069326831e-01,-4.982288782182155429e-01
1.876491478757978948e+00,-1.594408549419617724e-02
1.670636664673170513e+00,-2.418445578708339205e-01
7.766735850585728684e-01,7.228218350882562593e-01
6.995536661815467960e-01,-5.068008253087507020e-01
-9.935348510598027705e-01,1.038272708516217585e-01
1.344260165365350534e+00,-4.352087322894627186e-01
7.459566181089702375e-02,9.766899591470524777e-01
2.818508558878613512e-01,1.007171972366950774e+00
9.716853845621882257e-01,4.046434311074026402e-01
-9.269217997976036960e-01,3.695151471540844001e-01
1.742925192821318081e+00,-2.360193506681384223e-01
7.890721692152626865e-01,6.195182167422262909e-01
-5.819828256306636138e-01,7.930617444054131049e-01
9.866878836891034288e-01,2.722727477019297737e-01
-6.670104889844740148e-01,6.546255657647287451e-01
1.155002871442093459e+00,-5.234799417379669695e-01
2.200563748711262951e-02,4.617502169177677418e-01
4.094984105127520008e-02,4.675005895377212783e-01
1.756800274590608058e-01,-1.698451441383484750e-01
1.532620978313128157e+00,-2.978584848741999691e-01
1.580692934557075935e+00,-4.050938889111572738e-01
1.976253233011669330e+00,1.843365136712770413e-01
6.427887904792628504e-01,7.822320475629587211e-01
2.000225167020679429e+00,2.319935551607880397e-01
1.982738625119176312e+00,1.552275694162466579e-01
9.761934731516370700e-01,-4.654009121614967048e-01
7.366357215450404228e-01,6.204270422560387299e-01
-9.928946448873525732e-01,8.100057432015192460e-02
4.873658153242695912e-01,9.597587425365924352e-01
-9.870715312184412671e-01,2.076018595772245734e-01
8.026567236786777970e-01,5.319087608846176929e-01
6.298208161754910162e-01,-3.987791364585983045e-01
-7.029857450664938057e-01,7.061007256482760841e-01
2.182990255944096403e-01,8.734558119258855058e-01
-9.991608233071660461e-01,-1.500157343456041611e-02
1.457403741021316090e+00,-4.102898646002489103e-01
2.311352046586330755e-01,1.017502743954384226e+00
2.000538842912839677e+00,2.802501487457993434e-01
9.177757028735299416e-01,-5.071881186228710536e-01
-3.523036752160017548e-01,9.659092269268494402e-01
5.292051627526787039e-01,8.482918930467426843e-01
-9.480247788541396048e-01,4.382718361410221641e-01
1.354954599330219361e-02,1.598668084810935253e-01
1.883904597642862777e+00,6.601898205894288219e-02
6.967681849824299833e-01,-4.938653340386417456e-01
9.598376340818901009e-02,-7.339977640300165973e-02
9.738687662013482127e-01,3.983610003918167802e-02
5.405588187803415101e-01,-4.616972062071538208e-01
1.610592431160733362e+00,-4.051206996536023675e-01
1.553519899035030738e+00,-3.923153495509447697e-01
1.156898518825900113e-01,2.525271821914025772e-01
-2.079870948206551801e-02,2.648367489613335790e-01
2.013772839797511593e-01,3.648930664705025279e-02
-1.008903289300053796e+00,4.498628487089682826e-02
1.920339842524303231e+00,3.161147616819853789e-01
-1.593452225236886566e-01,1.026763742105508914e+00
1.498721843416394028e-01,2.123967921889703681e-01
1.703928748818371863e-01,-1.454270686533123413e-01
1.476496206681503942e+00,-3.362371888758995953e-01
2.609664416275621068e-01,-3.360581792526600164e-01
5.949515895753413330e-01,-4.390842259210475107e-01
1.108455455846656945e-01,9.462963142795569604e-01
3.169880526873760512e-02,2.828774791497408181e-01
1.346899812766555460e+00,-4.564981106901530583e-01
8.026871748748014568e-01,-4.600456539044969206e-01
-8.588011155457109247e-01,4.586598879336878931e-01
-1.005565291066266020e+00,1.764442645059578485e-01
6.887821367379249882e-01,-5.228696602816667038e-01
-9.308134541817828511e-01,5.270306373579323189e-01
7.174963256346003626e-02,1.012259037598484124e+00
1.085222136648194002e+00,-2.640121238633322959e-02
3.671660416498591095e-01,1.041049039571928958e+00
6.648817137077505102e-01,6.605761156542125923e-01
6.718512616510612379e-01,7.241242197170940642e-01
1.501116282532354712e-02,2.106026270091281849e-01
6.662354958438762020e-01,7.661336723506484425e-01
7.346285259146239088e-01,7.250068140416650042e-01
2.058627034989083671e-01,-1.347567039382716048e-01
-9.592052809576745442e-01,9.906318545275583087e-02
1.177482748967627169e+00,-4.303626465234809961e-01
-2.826064154544540297e-01,9.078272281741761596e-01
1.192205052276142235e-01,1.062342221323713920e+00
-1.010862197557879094e+00,1.613188890046879931e-01
1.476117561202029416e+00,-4.647776577039243184e-01
1.536674278840874652e-01,9.580448600043718343e-01
1.987633381393196563e+00,4.752912849537578865e-01
1.941500013990125506e+00,1.910078575567107362e-01
9.126345637273691747e-01,-5.107672393857413118e-01
-1.176841008230650049e-01,1.015471732149111794e+00
-6.850257860052036962e-01,7.429281993896862391e-01
7.219774249496669905e-01,-3.704508720297066682e-01
8.603263495870550059e-01,-5.593419034877987750e-01
1.005550038801442669e+00,-5.218988280818609438e-01
-4.595244647775370561e-02,3.216143146950236620e-01
9.098463059385913931e-01,1.730750307153086642e-01
1.000884710197404770e+00,9.020095236735967137e-02
1.211232004466963469e-01,-1.567376447172301457e-01
1.337454955855534866e+00,-4.615415149682923768e-01
9.169395500706684077e-01,1.561279495003395912e-01
-5.392475562508518561e-01,7.887481969713665553e-01
1.696680297215566569e+00,-1.694035939888421938e-01
1.003709837180838393e+00,2.873363839255684282e-01
1.272762176423975600e+00,-5.374021819115755161e-01
-4.302075704668156253e-01,8.598953686987095280e-01
4.711178455866534831e-01,8.957928213508594695e-01
-7.987530910143701979e-01,6.033188917601475243e-01
1.883255418399013559e+00,1.583918915495603486e-01
1.527966424929078360e-01,-1.276922125805970698e-01
8.722506240426194934e-02,1.022122654435310363e+00
9.517043438408010481e-01,-4.466299183000516093e-01
8.821970111527130953e-01,4.527958977884454228e-01
1.980390467208951621e+00,3.245427552095673240e-01
5.102720147675977591e-01,-4.571439476119755208e-01
4.508374348106551910e-01,-3.767915089941404894e-01
-8.874464523543631467e-01,3.977992661963451471e-01
-8.734664753049190544e-01,4.698072703972327457e-01
-1.270757096776388428e-01,9.561196192725085474e-01
1.186998127806686121e+00,-4.790841915662920059e-01
1.887961194386028163e+00,6.999918819356171218e-02
9.222746104314263338e-01,1.003182996890506218e-01
6.619670237614025954e-01,-4.124029773515193731e-01
1.884383488639086224e+00,5.789790101153236002e-02
5.420107711227564184e-01,-3.282452752687827768e-01
1.891651160880124527e+00,2.657294396805891246e-02
-8.264803056369062206e-01,6.919114592039699030e-01
1.522738586810455708e+00,-3.364049234903396246e-01
7.324554354541157331e-01,6.494656411675743257e-01
-1.328223717868094733e-01,9.923234082541114720e-01
2.016152742329999192e+00,2.641297926090618309e-01
-8.680357210471162377e-01,4.042991249784016472e-01
1.279942822159454430e+00,-4.985531635065189593e-01
-3.485941083748717029e-02,1.020465144812531699e+00
-8.535031308580327547e-01,5.005442047381525317e-01
-2.416273155473500911e-01,9.394375002447608036e-01
9.133256598539275517e-01,-4.852237791850499415e-01
2.325105377717777422e-02,3.945949574468007870e-01
-1.004739377849758197e+00,1.814160640912183542e-01
1.968919827376347520e+00,2.083748290011992396e-02
3.762549832468188304e-01,-3.517649912775239196e-01
-8.605341384781673986e-01,6.342372361435353323e-01
5.344412811199931168e-01,-3.432367713978728418e-01
9.656423132555073119e-01,2.447037046337357524e-01
-2.123435493078369429e-01,1.040456539570595362e+00
-4.034402587168052223e-01,8.558146551927193757e-01
-8.006336438032088942e-01,5.932615804236327506e-01
4.993610186704388054e-01,-3.893972953049750774e-01
1.604703908840910298e+00,-3.361128018067445211e-01
-1.384506209416661027e-01,9.296450601199158781e-01
-4.223599702058020156e-02,1.009190634798277086e+00
-4.403978627442739491e-01,7.771498764972900597e-01
8.892810709033547312e-01,4.953221925110066759e-01
1.020819898098690226e+00,-3.828896727226797081e-01
9.919336060502268460e-01,1.540403911002205528e-01
7.445466054955449664e-01,5.336196355337454733e-01
9.756849219571119836e-01,-5.615452746796723016e-01
-1.926082025758441008e-01,9.833594722056604454e-01
9.701889007279168586e-01,3.557660231548743779e-01
-3.238276126961029400e-01,8.768860296866575199e-01
7.872665432986083456e-01,4.901014110167715154e-01
8.719299287009113497e-01,5.723126392566136866e-01
2.871716486714418481e-01,-2.767398535787478631e-01
5.723656656789122277e-02,1.236546005683694383e-01
1.268687265873816639e+00,-4.318776455847354034e-01
-4.096592730118026743e-02,9.503767080417543367e-01
1.976534460273388305e+00,3.731387594471786695e-01
2.821211469333483324e-01,9.806858126664756981e-01
1.995341580914892665e+00,1.872381384096873935e-01
-4.137452423307189653e-01,9.738666439003559328e-01
1.617000737744237249e+00,-2.070195678127877137e-01
1.078648376822145760e+00,-5.468196759839615284e-01
-7.595157277946713581e-01,5.923168280725854551e-01
8.484821646156546215e-01,3.445294662260779406e-01
-6.350236173651969684e-01,7.467046406692641192e-01
6.731539653540379031e-02,-8.942383060439068609e-03
3.965011548655262841e-01,-2.995804947867641288e-01
1.356953557928543663e+00,-4.389460806160843664e-01
1.942058515694938148e+00,3.319765977418064340e-01
1.241440646385522095e+00,-5.475573556418454890e-01
4.456782177033137282e-01,-3.987502492792475151e-01
6.876901832764152900e-01,7.628053580283649104e-01
2.005753292457153503e+00,5.476911864154797582e-01
1.804551367373532056e+00,-3.027612595453447325e-02
1.910979238480563780e-01,-9.521064168074425127e-03
-6.075646608215534705e-01,7.715276215406151605e-01
-1.036024409826959980e+00,9.169650527063250012e-02
-7.585854657504049747e-01,6.889430310923452261e-01
-6.567177067503140453e-01,7.513757234949892672e-01
3.184724706403811445e-01,9.456887151346365927e-01
-2.237233177876027379e-01,9.889162905886959010e-01
-9.052543777948508508e-01,2.968819270147972644e-01
5.996818451821059881e-01,8.459469950705976737e-01
-5.856541519499145476e-01,7.831982940239463620e-01
-9.653820530303808267e-01,2.461686300081164167e-02
1.765398472532442309e+00,-7.784476118597379035e-02
1.724653655716410272e+00,-1.461238146974319918e-01
2.067629120283966948e+00,2.862200080537451452e-01
2.038256514975996136e+00,1.917859222392224727e-01
4.682220287799483405e-01,9.251875920226142469e-01
1.240818152981991052e+00,-4.262566721549974624e-01
1.176313969244142221e+00,-5.537997453449324814e-01
-1.029769625534803668e+00,1.540720630949939385e-01
-6.397859482323290381e-01,7.398698051969551104e-01
1.761593614105718242e+00,-2.666026859064774546e-01
3.444296465680762864e-01,-3.055568763112971320e-01
1.049172027641209481e-01,1.595620258076013709e-01
1.486965971370951989e+00,-3.499835337363350618e-01
5.900103917525735264e-01,-3.071082255021750917e-01
1.085194890590812200e+00,-4.204395164108286620e-01
1.756780414858865602e-01,-1.183407155246234271e-01
4.429639481421627223e-01,8.740215169669647288e-01
-9.903569306316368781e-01,2.299613617705309476e-01
4.240111738818242992e-01,-2.402511274234926386e-01
6.038727971336178835e-02,9.826891716156567202e-01
6.175971956104838734e-01,-3.802308163155123100e-01
3.635664432004755420e-01,-2.320345417490952689e-01
7.881237993926752949e-01,6.168644224740726933e-01
-8.710848849445708142e-01,5.930359248820902263e-01
1.848357549359433971e+00,-1.208682185527879677e-01
7.796174222720609892e-01,-5.381112948768077553e-01
7.091036740273851668e-01,6.126640432330824337e-01
1.874121796468159351e+00,1.048179807508319017e-02
-2.253775801538851487e-02,4.863824760531541003e-01
1.875196365596682124e+00,-2.276283378440996721e-02
1.175190962827407981e+00,-4.786060974746834673e-01
8.746556229184876408e-02,9.842978848931410729e-01
-4.106682141486102111e-01,8.786297939637336407e-01
-4.624657381204915207e-01,9.854702264891497254e-01
1.743347321627333857e+00,-3.232739481340276555e-01
1.119287153903788301e+00,-4.707897299517346812e-01
1.023387983029557358e+00,-5.481081489227749293e-01
1.230027787040112869e-01,3.459540973119831775e-01
-6.490884793143000264e-01,7.984781960859601568e-01
1.988089132388770164e+00,8.326957968391140996e-02
1.174273200120424798e-01,-1.395874054535757025e-01
8.295490641441338742e-01,-4.961825865362051724e-01
-1.007994659529530823e+00,7.684131747907670118e-02
-9.955189059444866650e-01,9.646182808967956879e-02
6.184238497444631832e-01,-5.253066964682656659e-01
1.521454543235145840e+00,-3.157840328627626869e-01
-7.710872516931407405e-01,6.331711253722122068e-01
9.863160203432257411e-01,3.112439260557115506e-01
-9.429839611900966423e-01,2.807107554633225810e-01
1.610258219164416360e+00,-3.160837907928278345e-01
5.431905565865551289e-01,8.620647420084005530e-01
5.166899564080896790e-01,8.721668823927362091e-01
6.873005205022861275e-02,-1.783264120861840357e-02
8.794074407702077156e-01,-5.803893279739558153e-01
1.949270382731074669e+00,1.529623030936488326e-01
5.919516741287372819e-01,8.447539741264972202e-01
7.752040365275091327e-01,6.657948246313062368e-01
1.683908518436948665e+00,-2.139334382566902282e-01
-3.201961571045235794e-02,3.785897115528025214e-01
-9.840251415418288516e-01,1.733800910457846123e-01
-5.467321979880278293e-02,9.981328439141635700e-01
-9.780171007677362915e-01,1.197284739521967262e-01
1.376225196595151301e+00,-3.988561484653938560e-01
-9.689454216495617667e-01,2.740024909164172073e-01
6.197775827226845724e-01,-4.246677812167725663e-01
1.597202757564140096e+00,-3.503592514548848902e-01
-8.227919907844924996e-01,4.810247015358208311e-01
1.865822136968157130e+00,1.386777655268313925e-01
9.031836937413442179e-01,3.265198889920586933e-01
1.655199740173951994e+00,-2.419167208326427343e-01
1.068668105534174018e-01,-8.048748426527710387e-03
-3.218134508945909023e-01,8.683566703168319467e-01
-4.271118336998547815e-01,8.359137460802941177e-01
-7.719879951110304450e-01,5.600946914277735722e-01
-1.541772301059514683e-01,1.091591599436164239e+00
1.778500696888397847e+00,-3.838302614347460784e-02
-6.858200045690148183e-01,7.560734166034157600e-01
1.561067370861212389e+00,-4.630970297378031453e-01
-1.302592198098610765e-02,3.093661249046462669e-01
4.191338699040839666e-01,8.514163470699106506e-01
4.642227847714013866e-01,-3.114567548999009894e-01
6.297614211297768438e-01,8.037593419069650746e-01
8.052409086182982234e-01,-5.265976388250456219e-01
4.529945716111878351e-01,-3.445041918861634911e-01
-7.417060241755940586e-02,1.009498955844040369e+00
8.044400913375077122e-01,4.373732697211089038e-01
8.041225037437854661e-01,4.669575545381695614e-01
6.537691285460490720e-01,-4.528947833774608078e-01
5.500086750871169272e-01,8.921014285580771697e-01
7.845003253123279396e-01,6.814985755895854869e-01
1.047642676713252285e+00,-5.025695026087573236e-01
1.997342448821425087e+00,3.040066667954480217e-01
1.672007635267511505e+00,-3.317264705102688782e-01
6.994203549019313293e-01,6.441621976910205660e-01
9.448587738626575971e-01,4.108732713973901607e-01
4.542156008971275916e-01,8.496714387201185215e-01
3.862901102567634082e-01,-2.966913885773335702e-01
5.514308031152185263e-01,8.880502801078316022e-01
9.341480137576227416e-02,1.526968312080501100e-01
1.745931443485618351e+00,-2.109414801826458297e-01
8.881669636788258604e-01,4.698661619973455439e-01
3.621767110624704578e-01,9.416820254587037198e-01
-9.057693292068872415e-01,2.081515723875159152e-01
8.302648074463215844e-01,5.814196083774807455e-01
6.197977906131892922e-01,8.882331174371747018e-01
1.300010059466497836e+00,-4.221234920397465284e-01
2.245171571152770190e-02,1.449167555739883373e-01
-8.479915843511980356e-01,5.868111011046091008e-01
1.643279406529994269e+00,-1.755589133498409726e-01
1.896484634065191743e+00,2.161423756674024643e-02
1.828403531318158137e+00,-2.176371450527174178e-01
1.803604101116384362e+00,-8.139120983403602683e-02
-1.161196662963065451e-01,1.017311566004377665e+00
1.958100244636813425e+00,2.039232194597186965e-01
6.321455432678745323e-01,-4.719503006584231941e-01
3.880898465451513291e-01,-1.334571883644399826e-01
1.194822872325035590e+00,-5.274680549597985380e-01
3.187015722700748954e-01,-3.248920589059663411e-01
1.973929411860879946e-01,-1.085301991963584095e-01
8.840487553370580676e-01,-4.928023531639453281e-01
7.260409662385991503e-01,6.383561530583360399e-01
-4.545696192978214700e-01,8.745580634967488054e-01
1.973297944986579289e+00,4.405578819541233759e-02
-8.388171529250307845e-01,5.338708037224686453e-01
6.018011818587812867e-01,-3.930461703928119777e-01
-5.945301971654721740e-01,7.408886600652190291e-01
1.549982540513314300e+00,-4.744236464374557150e-01
2.510086673126444845e-01,1.263081352411263847e-01
9.832712202155967640e-01,-4.945318047369234304e-01
3.365401840576091597e-01,9.008189134473496562e-01
-8.648844147519941794e-01,3.734918900511781104e-01
6.516827009106211932e-01,-5.010747718667588613e-01
8.769724867716828243e-01,-4.799490135314783967e-01
-4.405396267098259933e-01,8.711334312426384230e-01
1.918499439483184466e-01,9.189840089280727486e-01
8.412177586064308876e-01,5.018584917376757160e-01
-6.609005633994841089e-01,7.488494165899317601e-01
1.544678963131421945e+00,-3.010061693501601132e-01
2.014462401561773142e+00,1.669574547017730337e-01
1.765913155557143899e+00,-1.257228385830476136e-01
1.131321218791421779e-01,5.913012974507558805e-02
2.063400236987316561e+00,2.990836518873947192e-01
4.372614554094167993e-01,9.133109300810727804e-01
2.486778362487155128e-02,3.453402748297386138e-01
2.041891738941119250e-02,2.937172672641875093e-01
9.031648754032670645e-01,3.706228105661458772e-01
1.949666737663330984e+00,2.793984487426039443e-01
9.219584888413168144e-01,9.379768619297775001e-02
-3.873689752149865884e-01,8.883109046870023562e-01
1.382838218145297782e-01,9.560472040864652632e-01
1.980321433429790723e+00,2.557926687922459363e-01
8.516873909648027263e-01,3.194152253893713933e-01
5.845428217598384046e-01,7.734587470615229554e-01
9.654678950273476445e-01,-4.921622494778978840e-01
1.206006551631837675e+00,-5.406500899552415529e-01
1.378854775853773362e-01,6.061839712986517165e-02
-3.422380835019892542e-01,8.809499012383563699e-01
1.433019094097816248e+00,-4.105676950749304055e-01
1.021282674453106720e+00,-4.636656873134179513e-01
-6.411060283443161811e-01,7.883497046845572287e-01
3.581482943582638967e-01,-2.066390198702636183e-01
-1.000405688492993050e+00,2.320680262340507061e-01
2.039330294428006951e+00,1.905569611368990446e-01
1.115991601716850745e+00,-5.575133310146794807e-01
6.068459197748005129e-02,1.239474533848731741e-01
2.004656347156112517e+00,4.632572561888209095e-01
-1.025080123917843755e+00,3.561511074980042713e-01
-9.059302466880433391e-01,4.396143178167104537e-01
-1.020607517588369539e+00,-3.839906467468440221e-02
4.968909899752422810e-01,7.880524752828168555e-01
1.906786805598858603e+00,1.288027666218888312e-01
9.188752138716217710e-02,4.932850012513342181e-02
1.765824669510019485e+00,-1.665174197957311475e-01
4.309270595883080146e-01,-3.650142609607839872e-01
1.081769641627643663e+00,-4.414298044789017328e-01
6.644850188080242415e-01,6.965169449657288014e-01
2.688636417478604823e-01,9.243013563123249066e-01
9.414598437415228060e-01,9.739931182420472067e-02
2.094840524660566278e-02,2.337710962030486450e-01
2.782046793733675139e-01,-1.720886165312295324e-01
-6.529249719857866952e-01,7.605196154189952651e-01
1.244275447075244845e+00,-4.594165308934550773e-01
2.216640384439281519e-01,-1.595072739596793410e-01
-9.924178290908071132e-01,2.334188448108730218e-01
2.430159443008202413e-01,9.406499499481790760e-01
-7.183274767257392668e-01,7.071432501009353722e-01
3.510014487408807948e-01,-3.416023115349158257e-01
1.596036724833504117e+00,-2.050963842098376400e-01
1.274914365535503968e+00,-4.539890251342943439e-01
1.343084252738229178e-01,-1.592260907653728075e-01
1.945603982140975630e+00,4.373394564602536283e-01
4.548753443039581512e-01,9.636345613917038921e-01
-1.018529678307524167e+00,1.049623407292485100e-01
1.788425771554461030e-02,1.467561091100098025e-01
1.888308109610463248e+00,1.504367293387152138e-01
-1.499871823369260670e-01,9.963185958703757450e-01
5.047087009699004201e-02,1.939287680762918908e-01
7.970723011171836347e-01,5.314328548027751342e-01
1.703470313629105393e+00,-4.951681019000832989e-02
5.128727741311321919e-01,-3.704661524472050438e-01
7.854157091128755042e-01,6.291747445952281526e-01
-3.387476962996501806e-01,9.669894745564812100e-01
1.893343964497219645e+00,2.305905451147290119e-01
-9.978128273591471142e-01,2.660444797515076898e-01
1.682027207716058070e+00,-2.161605965650967021e-01
1.203647507056172516e+00,-5.300733049591281887e-01
-9.009491137191651955e-01,4.727115351261763077e-01
-1.049442881748166467e+00,3.595544307121721905e-01
9.921232918841492721e-01,-5.690364373733783898e-01
1.045236217457641281e-01,-4.069702795976505583e-02
8.261318661778745964e-01,6.592456806008222259e-01
-1.062245356467754309e+00,-4.093063798990716207e-02
8.897831273781622308e-01,5.963925109851226924e-01
5.038491219545438993e-01,8.483982596922594599e-01
1.917735155304722161e+00,6.510777575439498366e-02
9.721384298937293389e-01,1.558128512824844547e-01
1.166811244866100994e+00,-4.919948368084118839e-01
2.581271275766209850e-01,9.416501895199044236e-01
-5.148792921642556530e-01,8.450383026775852846e-01
7.406798376346039881e-01,4.849630381452730288e-01
2.239614255295339085e-01,1.002695898843583455e+00
5.368532688460887492e-01,8.846271217076209226e-01
-5.942705824009153481e-01,8.776998482450472094e-01
5.732412898301171289e-01,-3.821480356224899455e-01
1.066991275378934789e+00,-5.213631010573187563e-01
-6.804242769927315582e-01,7.660627010092158073e-01
7.591143137500169780e-02,2.078050485082815479e-01
1.729760636899099646e+00,-3.548333386184900906e-01
1.099414166793149794e-01,9.099114708009286012e-01
1.012635148516114247e+00,1.150837747594363747e-01
1.779517643245014658e-01,9.549626388900371854e-01
-2.168047637912262973e-02,5.060253966179933949e-01
1.029047808202740777e+00,-4.967868590108441840e-01
5.264995073177416440e-01,8.243311332572009764e-01
1.316780208854560152e+00,-4.602682152905438473e-01
1.048266879649521366e+00,2.567892144949667776e-01
1.478686163383667873e+00,-3.463673908066858265e-01
-4.484771109117678956e-01,1.003167990834310297e+00
-1.015927362559884140e+00,1.881744535995197587e-01
-9.122607731081753268e-01,4.552707462732818455e-01
9.028422942539034990e-01,-4.595665741116896075e-01
1.014628445850633609e+00,3.024900792862323384e-01
6.724926578746311945e-01,-4.311884903326975160e-01
6.119855275115584359e-01,-4.154632049867955090e-01
-8.549828728820731971e-01,4.406886289372982102e-01
-3.765866367307851292e-01,9.792227361482329639e-01
7.231061393465491038e-01,-4.998905394967010363e-01
5.795777252992043715e-01,8.291341099974607332e-01
1.617985310527273679e+00,-3.186865306016627430e-01
9.152125298847546553e-01,-5.048659759863689533e-01
1.687148789524662185e+00,-1.693322349299500040e-01
1.679347594463529880e+00,-3.454771314840268115e-01
9.464446208039459796e-01,3.031719032456020035e-01
-8.720824935896749341e-01,4.791624015283789673e-01
9.272617035012526987e-01,1.813159579975675006e-01
-6.401874962522783319e-01,7.026198270182631989e-01
-3.424258233941241542e-02,3.505685542566452373e-01
8.007623077866706796e-01,-4.770419363390583367e-01
1.006835619031365703e-01,1.885144129988774175e-01
-3.974539639323683149e-01,9.267134608805305263e-01
1.273397630823520199e+00,-4.733444568313091572e-01
8.997055815728749462e-01,2.813839914363837069e-01
3.314253776088479375e-01,-1.626442283916549603e-01
-1.435279264103032082e-01,1.052427037768625784e+00
2.040134146826760642e+00,4.844008315713166923e-01
1.685623446430339900e-01,9.930725992525561985e-01
1.704408678602260974e+00,-2.914612522484780754e-01
-5.177658850666027046e-01,8.867817540019000688e-01
1.804401422414624090e+00,-2.309838666698125764e-01
-8.695691123959077284e-01,4.475277425766178707e-01
6.653387596145391436e-01,7.966443230353668081e-01
6.269948691952899056e-01,-2.739506857673009721e-01
7.622806755494955233e-01,6.310757328594286397e-01
-2.515632787387366287e-01,9.545039944948199295e-01
-5.333238322620345029e-01,8.972281438249065655e-01
1.237052376040375656e-01,5.227057155117141585e-02
1.674911704007239877e+00,-2.172298515915841999e-01
1.882309679670037594e+00,5.503641233658526644e-02
2.039706647777788096e+00,4.391550735619120238e-01
1.709158492518044969e+00,-2.585720411046891209e-01
1.479825667105774567e+00,-3.874925573021995584e-01
1.509958326615834290e+00,-3.933638121916833708e-01
2.053871905259587460e-01,9.762922826492721473e-01
-8.782523223429516968e-01,6.749700116750987355e-01
-6.350437545198418521e-01,7.093100420379720994e-01
9.692489055282960120e-01,1.601738572808429351e-01
4.938654270265069868e-01,8.688677508551843065e-01
-5.971067413325543971e-03,4.629972506581742087e-01
-8.530525239701743923e-01,2.715147516664039862e-01
1.372446762554508093e-01,-1.620802799447181725e-02
1.856327998684758479e-02,4.772470354959624239e-01
-9.139993962246331094e-01,3.019815195187553480e-01
-7.863051735395274466e-01,4.219772667806277466e-01
-2.240658638606310149e-01,9.653143263783298123e-01
9.466404092765401401e-01,1.054312670919707179e-01
8.856772936574174304e-01,2.333647185947304858e-01
1.053739200198339887e+00,-4.840216280219288292e-01
2.713083127643508008e-01,1.046453525267489360e+00
9.516383810742808091e-02,1.055429337759370700e-01
-4.563192579089822010e-01,8.349861669093483485e-01
-8.463295532512902231e-01,5.597306035758121689e-01
5.365590660232755216e-02,3.218172854707459507e-01
9.784295961197791991e-01,2.344822130114734560e-01
-5.207075496059611064e-01,9.727585184845769506e-01
1.986831148408040315e+00,1.609773462438927605e-01
-7.259899706343024839e-01,7.336835764193885279e-01
2.032896436259801654e+00,4.451171386804808616e-01
5.017084443168559060e-01,-4.309184237635725889e-01
9.529691768269564767e-01,1.979748650480321892e-01
1.666461820441102470e-01,9.729576323669810733e-01
1.143625643331036112e+00,-3.783600732207050843e-01
1.951966669618415917e+00,1.929777340276382924e-01
-6.953434265287785632e-01,6.796486558027253766e-01
-5.634696810877487527e-01,8.916822043655552310e-01
1.724001653643810611e-02,2.099693350417922710e-01
7.566029411019665751e-01,6.855181922778271764e-01
1.495742683964193409e+00,-3.481318802166127324e-01
-2.670583150655700955e-01,9.258050011446160577e-01
3.492622555470065171e-01,7.454671629885388784e-01
5.334030648907669980e-02,2.097216902005665795e-01
1.451073074552731379e+00,-3.362681963258068452e-01
1.010206354410187579e+00,-4.839494064675619045e-01
7.701836495929542670e-01,-5.093849593520559660e-01
1.547883411448257140e+00,-2.978673212739263998e-01
8.771170897395406119e-01,-5.662893748102437730e-01
-7.020053868505911066e-01,6.649870355604661221e-01
1.459816818869358546e+00,-4.636074592259546989e-01
-9.721714866062685090e-01,1.210232462018546590e-01
-5.131996768603849235e-01,7.835965402139680736e-01
5.204975392723527883e-02,9.807557933997146371e-01
-2.542798001316745049e-01,9.058339249578989394e-01
-8.041672564403616885e-01,6.639539568007934989e-01
7.034376132337499810e-01,7.921072956586163727e-01
1.743507690478536265e+00,-6.845453082143343471e-02
-8.199969118322760764e-01,3.851065006610400188e-01
1.739167866139372354e+00,-2.335287859984168934e-01
8.970251680869725242e-01,4.837974618244433311e-01
6.594446348390615720e-01,7.964626260841471961e-01
5.526039346583577067e-02,2.990281033902062457e-01
7.728333994851568356e-01,-4.417354539734036356e-01
-8.607729713329737020e-01,6.507917030254978252e-01
2.415404368227897294e-02,2.052236958677461087e-01
-4.572886447566186785e-01,9.696488473388368279e-01
-3.732726475731665827e-01,9.518075468970149666e-01
5.639839863040001511e-01,7.726740744145323969e-01
8.477028537150564924e-01,-4.366741576935415647e-01
-6.021617520503989018e-01,8.016832941822683578e-01
-1.015345643783062357e+00,3.633487486119471588e-01
1.970876785219387806e+00,5.265582529261679801e-01
1.804740467324103426e+00,-1.364725178296774533e-01
-9.156352705120801572e-01,3.966565077602964839e-01
1.889088894974347621e+00,5.038305857336375926e-01
8.091023596369633086e-01,4.392447442946560421e-01
3.807707812151146509e-01,8.068559804614131581e-01
1.000440221198419799e+00,2.335272508546752390e-01
1.623747493520463658e+00,-3.852172833071303981e-01
1.924466779257586690e+00,2.138553976680666324e-01
-3.043327986342124758e-01,9.886583278748288794e-01
9.181000890807506920e-01,-1.947019536529866202e-02
2.325255939315092335e-01,-1.889885163989723227e-01
1.819416602210673473e+00,-1.012839281979789272e-02
5.378805527252339402e-01,9.336633339247678576e-01
-3.572981035682553652e-01,9.908033486816948399e-01
4.821392960529784499e-01,-2.927205376157653305e-01
-9.453752638646393258e-01,5.357260691931137186e-01
7.386309605227490138e-01,-4.556436180883203790e-01
-7.876125830675277939e-01,6.815058530563100625e-01
6.494954469285231236e-01,7.675510340364819495e-01
1.732403186672559547e+00,-1.630947396181612052e-01
-9.676421344811770853e-01,3.318044881263663703e-01
8.389134207945582178e-01,5.496442546984883215e-01
-9.062188380625567641e-01,5.870834991173233819e-01
-6.570733789173651695e-01,7.267107952002457294e-01
-5.727485282924563853e-02,4.776827415818440392e-01
-6.289640388826304163e-01,7.581352908659914069e-01
2.110075889022833273e-02,1.012545136031617332e+00
1.411479377565456605e+00,-4.519691002061144158e-01
